user_story_id,gap_id,condition,gap_state,occurrences,repetitions,occurrence_rate
US02,G01,C0,OPEN,0,3,0.0
US02,G01,CD,OPEN,0,3,0.0
US02,G01,CL,ANSWERED,0,3,0.0
US02,G01,CO,OPEN,0,3,0.0
US02,G01,CS,OPEN,0,3,0.0
US02,G01,CT,ANSWERED,0,3,0.0
US02,G02,C0,OPEN,1,3,0.3333333333333333
US02,G02,CD,OPEN,1,3,0.3333333333333333
US02,G02,CL,OPEN,1,3,0.3333333333333333
US02,G02,CO,ANSWERED,1,3,0.3333333333333333
US02,G02,CS,OPEN,2,3,0.6666666666666666
US02,G02,CT,ANSWERED,2,3,0.6666666666666666
US02,G03,C0,OPEN,3,3,1.0
US02,G03,CD,OPEN,3,3,1.0
US02,G03,CL,OPEN,3,3,1.0
US02,G03,CO,ANSWERED,3,3,1.0
US02,G03,CS,OPEN,3,3,1.0
US02,G03,CT,ANSWERED,2,3,0.6666666666666666
US02,G04,C0,OPEN,0,3,0.0
US02,G04,CD,OPEN,0,3,0.0
US02,G04,CL,OPEN,0,3,0.0
US02,G04,CO,ANSWERED,3,3,1.0
US02,G04,CS,OPEN,0,3,0.0
US02,G04,CT,ANSWERED,2,3,0.6666666666666666
US02,G05,C0,OPEN,0,3,0.0
US02,G05,CD,OPEN,0,3,0.0
US02,G05,CL,OPEN,2,3,0.6666666666666666
US02,G05,CO,ANSWERED,3,3,1.0
US02,G05,CS,OPEN,2,3,0.6666666666666666
US02,G05,CT,ANSWERED,2,3,0.6666666666666666
US02,G06,C0,OPEN,3,3,1.0
US02,G06,CD,OPEN,3,3,1.0
US02,G06,CL,OPEN,3,3,1.0
US02,G06,CO,ANSWERED,3,3,1.0
US02,G06,CS,OPEN,3,3,1.0
US02,G06,CT,ANSWERED,1,3,0.3333333333333333
US02,G07,C0,OPEN,0,3,0.0
US02,G07,CD,OPEN,0,3,0.0
US02,G07,CL,OPEN,1,3,0.3333333333333333
US02,G07,CO,ANSWERED,0,3,0.0
US02,G07,CS,OPEN,0,3,0.0
US02,G07,CT,ANSWERED,0,3,0.0
US02,G08,C0,OPEN,0,3,0.0
US02,G08,CD,OPEN,0,3,0.0
US02,G08,CL,OPEN,0,3,0.0
US02,G08,CO,OPEN,0,3,0.0
US02,G08,CS,ANSWERED,0,3,0.0
US02,G08,CT,ANSWERED,1,3,0.3333333333333333
US02,G09,C0,OPEN,3,3,1.0
US02,G09,CD,OPEN,2,3,0.6666666666666666
US02,G09,CL,OPEN,2,3,0.6666666666666666
US02,G09,CO,OPEN,0,3,0.0
US02,G09,CS,ANSWERED,0,3,0.0
US02,G09,CT,ANSWERED,0,3,0.0
US02,G10,C0,OPEN,0,3,0.0
US02,G10,CD,ANSWERED,0,3,0.0
US02,G10,CL,OPEN,0,3,0.0
US02,G10,CO,OPEN,0,3,0.0
US02,G10,CS,OPEN,0,3,0.0
US02,G10,CT,ANSWERED,0,3,0.0
US02,G11,C0,OPEN,0,3,0.0
US02,G11,CD,OPEN,0,3,0.0
US02,G11,CL,OPEN,0,3,0.0
US02,G11,CO,ANSWERED,0,3,0.0
US02,G11,CS,OPEN,0,3,0.0
US02,G11,CT,ANSWERED,0,3,0.0
US08,G01,C0,OPEN,1,3,0.3333333333333333
US08,G01,CD,OPEN,0,3,0.0
US08,G01,CL,ANSWERED,1,3,0.3333333333333333
US08,G01,CO,OPEN,0,3,0.0
US08,G01,CS,OPEN,0,3,0.0
US08,G01,CT,ANSWERED,0,3,0.0
US08,G02,C0,OPEN,3,3,1.0
US08,G02,CD,OPEN,1,3,0.3333333333333333
US08,G02,CL,OPEN,2,3,0.6666666666666666
US08,G02,CO,ANSWERED,2,3,0.6666666666666666
US08,G02,CS,OPEN,3,3,1.0
US08,G02,CT,ANSWERED,2,3,0.6666666666666666
US08,G03,C0,OPEN,1,3,0.3333333333333333
US08,G03,CD,OPEN,1,3,0.3333333333333333
US08,G03,CL,OPEN,3,3,1.0
US08,G03,CO,ANSWERED,1,3,0.3333333333333333
US08,G03,CS,OPEN,0,3,0.0
US08,G03,CT,ANSWERED,0,3,0.0
US08,G04,C0,OPEN,0,3,0.0
US08,G04,CD,OPEN,1,3,0.3333333333333333
US08,G04,CL,OPEN,1,3,0.3333333333333333
US08,G04,CO,ANSWERED,1,3,0.3333333333333333
US08,G04,CS,OPEN,0,3,0.0
US08,G04,CT,ANSWERED,0,3,0.0
US08,G05,C0,OPEN,1,3,0.3333333333333333
US08,G05,CD,OPEN,1,3,0.3333333333333333
US08,G05,CL,OPEN,0,3,0.0
US08,G05,CO,ANSWERED,0,3,0.0
US08,G05,CS,OPEN,0,3,0.0
US08,G05,CT,ANSWERED,0,3,0.0
US08,G06,C0,OPEN,0,3,0.0
US08,G06,CD,OPEN,0,3,0.0
US08,G06,CL,OPEN,0,3,0.0
US08,G06,CO,ANSWERED,0,3,0.0
US08,G06,CS,OPEN,2,3,0.6666666666666666
US08,G06,CT,ANSWERED,1,3,0.3333333333333333
US08,G07,C0,OPEN,0,3,0.0
US08,G07,CD,OPEN,0,3,0.0
US08,G07,CL,OPEN,1,3,0.3333333333333333
US08,G07,CO,ANSWERED,0,3,0.0
US08,G07,CS,OPEN,0,3,0.0
US08,G07,CT,ANSWERED,1,3,0.3333333333333333
US08,G08,C0,OPEN,0,3,0.0
US08,G08,CD,OPEN,0,3,0.0
US08,G08,CL,OPEN,0,3,0.0
US08,G08,CO,OPEN,0,3,0.0
US08,G08,CS,ANSWERED,0,3,0.0
US08,G08,CT,ANSWERED,0,3,0.0
US08,G09,C0,OPEN,0,3,0.0
US08,G09,CD,OPEN,0,3,0.0
US08,G09,CL,OPEN,0,3,0.0
US08,G09,CO,OPEN,0,3,0.0
US08,G09,CS,ANSWERED,0,3,0.0
US08,G09,CT,ANSWERED,0,3,0.0
US08,G10,C0,OPEN,0,3,0.0
US08,G10,CD,ANSWERED,0,3,0.0
US08,G10,CL,OPEN,0,3,0.0
US08,G10,CO,OPEN,0,3,0.0
US08,G10,CS,OPEN,0,3,0.0
US08,G10,CT,ANSWERED,0,3,0.0
US18,G01,C0,OPEN,0,3,0.0
US18,G01,CD,OPEN,0,3,0.0
US18,G01,CL,ANSWERED,0,3,0.0
US18,G01,CO,OPEN,0,3,0.0
US18,G01,CS,OPEN,0,3,0.0
US18,G01,CT,ANSWERED,0,3,0.0
US18,G02,C0,OPEN,0,3,0.0
US18,G02,CD,OPEN,0,3,0.0
US18,G02,CL,ANSWERED,0,3,0.0
US18,G02,CO,OPEN,0,3,0.0
US18,G02,CS,OPEN,0,3,0.0
US18,G02,CT,ANSWERED,0,3,0.0
US18,G03,C0,OPEN,3,3,1.0
US18,G03,CD,OPEN,1,3,0.3333333333333333
US18,G03,CL,OPEN,1,3,0.3333333333333333
US18,G03,CO,ANSWERED,1,3,0.3333333333333333
US18,G03,CS,OPEN,2,3,0.6666666666666666
US18,G03,CT,ANSWERED,1,3,0.3333333333333333
US18,G04,C0,OPEN,3,3,1.0
US18,G04,CD,OPEN,3,3,1.0
US18,G04,CL,OPEN,3,3,1.0
US18,G04,CO,ANSWERED,3,3,1.0
US18,G04,CS,OPEN,2,3,0.6666666666666666
US18,G04,CT,ANSWERED,3,3,1.0
US18,G05,C0,OPEN,3,3,1.0
US18,G05,CD,OPEN,0,3,0.0
US18,G05,CL,OPEN,1,3,0.3333333333333333
US18,G05,CO,ANSWERED,1,3,0.3333333333333333
US18,G05,CS,OPEN,0,3,0.0
US18,G05,CT,ANSWERED,0,3,0.0
US18,G06,C0,OPEN,3,3,1.0
US18,G06,CD,OPEN,3,3,1.0
US18,G06,CL,OPEN,2,3,0.6666666666666666
US18,G06,CO,ANSWERED,1,3,0.3333333333333333
US18,G06,CS,OPEN,1,3,0.3333333333333333
US18,G06,CT,ANSWERED,0,3,0.0
US18,G07,C0,OPEN,3,3,1.0
US18,G07,CD,OPEN,1,3,0.3333333333333333
US18,G07,CL,OPEN,0,3,0.0
US18,G07,CO,ANSWERED,3,3,1.0
US18,G07,CS,OPEN,0,3,0.0
US18,G07,CT,ANSWERED,3,3,1.0
US18,G08,C0,OPEN,2,3,0.6666666666666666
US18,G08,CD,OPEN,0,3,0.0
US18,G08,CL,OPEN,0,3,0.0
US18,G08,CO,OPEN,0,3,0.0
US18,G08,CS,ANSWERED,0,3,0.0
US18,G08,CT,ANSWERED,0,3,0.0
US18,G09,C0,OPEN,0,3,0.0
US18,G09,CD,OPEN,0,3,0.0
US18,G09,CL,OPEN,0,3,0.0
US18,G09,CO,OPEN,0,3,0.0
US18,G09,CS,ANSWERED,0,3,0.0
US18,G09,CT,ANSWERED,0,3,0.0
US18,G10,C0,OPEN,0,3,0.0
US18,G10,CD,ANSWERED,0,3,0.0
US18,G10,CL,OPEN,3,3,1.0
US18,G10,CO,OPEN,0,3,0.0
US18,G10,CS,OPEN,0,3,0.0
US18,G10,CT,ANSWERED,0,3,0.0
US25,G01,C0,OPEN,3,3,1.0
US25,G01,CD,OPEN,2,3,0.6666666666666666
US25,G01,CL,ANSWERED,2,3,0.6666666666666666
US25,G01,CO,OPEN,0,3,0.0
US25,G01,CS,OPEN,0,3,0.0
US25,G01,CT,ANSWERED,1,3,0.3333333333333333
US25,G02,C0,OPEN,0,3,0.0
US25,G02,CD,OPEN,1,3,0.3333333333333333
US25,G02,CL,ANSWERED,3,3,1.0
US25,G02,CO,OPEN,0,3,0.0
US25,G02,CS,OPEN,0,3,0.0
US25,G02,CT,ANSWERED,0,3,0.0
US25,G03,C0,OPEN,3,3,1.0
US25,G03,CD,OPEN,3,3,1.0
US25,G03,CL,ANSWERED,2,3,0.6666666666666666
US25,G03,CO,OPEN,2,3,0.6666666666666666
US25,G03,CS,OPEN,2,3,0.6666666666666666
US25,G03,CT,ANSWERED,3,3,1.0
US25,G04,C0,OPEN,3,3,1.0
US25,G04,CD,OPEN,1,3,0.3333333333333333
US25,G04,CL,OPEN,3,3,1.0
US25,G04,CO,ANSWERED,3,3,1.0
US25,G04,CS,OPEN,3,3,1.0
US25,G04,CT,ANSWERED,2,3,0.6666666666666666
US25,G05,C0,OPEN,3,3,1.0
US25,G05,CD,OPEN,3,3,1.0
US25,G05,CL,OPEN,3,3,1.0
US25,G05,CO,ANSWERED,3,3,1.0
US25,G05,CS,OPEN,3,3,1.0
US25,G05,CT,ANSWERED,2,3,0.6666666666666666
US25,G06,C0,OPEN,0,3,0.0
US25,G06,CD,OPEN,0,3,0.0
US25,G06,CL,OPEN,0,3,0.0
US25,G06,CO,ANSWERED,1,3,0.3333333333333333
US25,G06,CS,OPEN,0,3,0.0
US25,G06,CT,ANSWERED,1,3,0.3333333333333333
US25,G07,C0,OPEN,0,3,0.0
US25,G07,CD,OPEN,0,3,0.0
US25,G07,CL,OPEN,0,3,0.0
US25,G07,CO,ANSWERED,1,3,0.3333333333333333
US25,G07,CS,OPEN,0,3,0.0
US25,G07,CT,ANSWERED,0,3,0.0
US25,G08,C0,OPEN,0,3,0.0
US25,G08,CD,OPEN,0,3,0.0
US25,G08,CL,OPEN,1,3,0.3333333333333333
US25,G08,CO,ANSWERED,3,3,1.0
US25,G08,CS,OPEN,2,3,0.6666666666666666
US25,G08,CT,ANSWERED,3,3,1.0
US25,G09,C0,OPEN,0,3,0.0
US25,G09,CD,OPEN,0,3,0.0
US25,G09,CL,OPEN,0,3,0.0
US25,G09,CO,OPEN,0,3,0.0
US25,G09,CS,ANSWERED,0,3,0.0
US25,G09,CT,ANSWERED,1,3,0.3333333333333333
US25,G10,C0,OPEN,2,3,0.6666666666666666
US25,G10,CD,OPEN,1,3,0.3333333333333333
US25,G10,CL,OPEN,0,3,0.0
US25,G10,CO,OPEN,0,3,0.0
US25,G10,CS,ANSWERED,0,3,0.0
US25,G10,CT,ANSWERED,0,3,0.0
US25,G11,C0,OPEN,0,3,0.0
US25,G11,CD,ANSWERED,0,3,0.0
US25,G11,CL,OPEN,0,3,0.0
US25,G11,CO,OPEN,0,3,0.0
US25,G11,CS,OPEN,0,3,0.0
US25,G11,CT,ANSWERED,0,3,0.0
