condition,user_story_id,open_gaps,recognized_open_gaps,gap_recall,miss_rate
C0,US02,33,10,0.30303030303030304,0.696969696969697
C0,US08,30,6,0.2,0.8
C0,US18,30,17,0.5666666666666667,0.43333333333333335
C0,US25,33,14,0.42424242424242425,0.5757575757575757
CD,US02,30,9,0.3,0.7
CD,US08,27,4,0.14814814814814814,0.8518518518518519
CD,US18,27,8,0.2962962962962963,0.7037037037037037
CD,US25,30,11,0.36666666666666664,0.6333333333333333
CL,US02,30,12,0.4,0.6
CL,US08,27,7,0.25925925925925924,0.7407407407407407
CL,US18,24,10,0.4166666666666667,0.5833333333333333
CL,US25,24,7,0.2916666666666667,0.7083333333333333
CO,US02,12,0,0.0,1.0
CO,US08,12,0,0.0,1.0
CO,US18,15,0,0.0,1.0
CO,US25,18,2,0.1111111111111111,0.8888888888888888
CS,US02,27,10,0.37037037037037035,0.6296296296296297
CS,US08,24,5,0.20833333333333334,0.7916666666666666
CS,US18,24,5,0.20833333333333334,0.7916666666666666
CS,US25,27,10,0.37037037037037035,0.6296296296296297
