"question_uid","run_id","user_story_id","condition","repetition","attempt","question_order","question_text_raw","segment_id","segment_text","normalized_need","mapped_gap_id","mapping_status","notes"
"US02_C0_R1_Q01","US02_C0_R1","US02","C0","1","1","1","[NEEDS CLARIFICATION] What geographic region or set of ZIP codes is considered the supported service area?","","","","","",""
"US02_C0_R1_Q02","US02_C0_R1","US02","C0","1","1","2","[NEEDS CLARIFICATION] What maximum search radius should define “nearby” recycling facilities?","","","","","",""
"US02_C0_R1_Q03","US02_C0_R1","US02","C0","1","1","3","[NEEDS CLARIFICATION] What source of recycling facility data should the system use?","","","","","",""
"US02_C0_R1_Q04","US02_C0_R1","US02","C0","1","1","4","[NEEDS CLARIFICATION] Which facility details are required for users to “determine which ones they should consider” beyond name, address, and distance?","","","","","",""
"US02_C0_R1_Q05","US02_C0_R1","US02","C0","1","1","5","[NEEDS CLARIFICATION] How should the system handle facilities that accept only specific recyclable materials when the user has not specified a material type?","","","","","",""
"US02_C0_R2_Q01","US02_C0_R2","US02","C0","2","1","1","[NEEDS CLARIFICATION] What geographic region or service area is supported for ZIP code searches?","","","","","",""
"US02_C0_R2_Q02","US02_C0_R2","US02","C0","2","1","2","[NEEDS CLARIFICATION] What maximum distance should define “nearby” recycling facilities?","","","","","",""
"US02_C0_R2_Q03","US02_C0_R2","US02","C0","2","1","3","[NEEDS CLARIFICATION] What source of recycling facility data should be used, and how current must that data be?","","","","","",""
"US02_C0_R2_Q04","US02_C0_R2","US02","C0","2","1","4","[NEEDS CLARIFICATION] Which facility details are required for users to “determine which ones they should consider” beyond name, address, and distance?","","","","","",""
"US02_C0_R2_Q05","US02_C0_R2","US02","C0","2","1","5","[NEEDS CLARIFICATION] Should users be able to filter or compare facilities by accepted material type, or is a proximity-sorted list sufficient?","","","","","",""
"US02_C0_R3_Q01","US02_C0_R3","US02","C0","3","1","1","[NEEDS CLARIFICATION] What geographic region and ZIP code formats must be supported for searches?","","","","","",""
"US02_C0_R3_Q02","US02_C0_R3","US02","C0","3","1","2","[NEEDS CLARIFICATION] What maximum distance should define “nearby” recycling facilities?","","","","","",""
"US02_C0_R3_Q03","US02_C0_R3","US02","C0","3","1","3","[NEEDS CLARIFICATION] What source of facility data should the system use, and how fresh must that data be?","","","","","",""
"US02_C0_R3_Q04","US02_C0_R3","US02","C0","3","1","4","[NEEDS CLARIFICATION] Which recycling details are required for users to compare facilities, beyond name, address, and distance?","","","","","",""
"US02_C0_R3_Q05","US02_C0_R3","US02","C0","3","1","5","[NEEDS CLARIFICATION] Should users be able to filter or identify facilities by accepted material type?","","","","","",""
"US02_CL_R1_Q01","US02_CL_R1","US02","CL","1","1","1","[NEEDS CLARIFICATION] What supported region or service area should ZIP code searches cover?","","","","","",""
"US02_CL_R1_Q02","US02_CL_R1","US02","CL","1","1","2","[NEEDS CLARIFICATION] What distance threshold should define “nearby” recycling facilities?","","","","","",""
"US02_CL_R1_Q03","US02_CL_R1","US02","CL","1","1","3","[NEEDS CLARIFICATION] What facility data source should be used, and how fresh must the facility information be?","","","","","",""
"US02_CL_R1_Q04","US02_CL_R1","US02","CL","1","1","4","[NEEDS CLARIFICATION] Which recycling details are required for users to determine which facilities to consider, beyond name, address, and distance?","","","","","",""
"US02_CL_R2_Q01","US02_CL_R2","US02","CL","2","1","1","[NEEDS CLARIFICATION] What supported region or ZIP code format should the feature accept?","","","","","",""
"US02_CL_R2_Q02","US02_CL_R2","US02","CL","2","1","2","[NEEDS CLARIFICATION] What search radius should define “nearby” recycling facilities?","","","","","",""
"US02_CL_R2_Q03","US02_CL_R2","US02","CL","2","1","3","[NEEDS CLARIFICATION] What facility data source should be used to determine available recycling facilities and their details?","","","","","",""
"US02_CL_R2_Q04","US02_CL_R2","US02","CL","2","1","4","[NEEDS CLARIFICATION] Which facility details are required for users to “determine which ones I should consider” beyond name, address, and distance?","","","","","",""
"US02_CL_R2_Q05","US02_CL_R2","US02","CL","2","1","5","[NEEDS CLARIFICATION] How should distance be calculated and displayed for sorting facilities by proximity?","","","","","",""
"US02_CL_R3_Q01","US02_CL_R3","US02","CL","3","1","1","[NEEDS CLARIFICATION] What ZIP code region or format must be supported for this feature?","","","","","",""
"US02_CL_R3_Q02","US02_CL_R3","US02","CL","3","1","2","[NEEDS CLARIFICATION] What search radius should define “nearby” recycling facilities?","","","","","",""
"US02_CL_R3_Q03","US02_CL_R3","US02","CL","3","1","3","[NEEDS CLARIFICATION] What minimum facility details, beyond name, address, and distance, are required for a user to determine which facilities to consider?","","","","","",""
"US02_CL_R3_Q04","US02_CL_R3","US02","CL","3","1","4","[NEEDS CLARIFICATION] Should results include facilities with only partial or unverified recycling details, and if so how should that uncertainty be shown?","","","","","",""
"US02_CO_R1_Q01","US02_CO_R1","US02","CO","1","1","1","[NEEDS CLARIFICATION] Should “nearby” use the 25 km radius from the operational context, or the 25 miles radius currently assumed in `spec.md`?","","","","","",""
"US02_CO_R1_Q02","US02_CO_R1","US02","CO","1","1","2","[NEEDS CLARIFICATION] Are accepted material types mandatory for every facility result, as stated in the operational context, or optional decision-support details as currently described in `spec.md`?","","","","","",""
"US02_CO_R1_Q03","US02_CO_R1","US02","CO","1","1","3","[NEEDS CLARIFICATION] How should the system distinguish an unrecognized ZIP code from a valid ZIP code with no active verified facilities within the search radius?","","","","","",""
"US02_CO_R2_Q01","US02_CO_R2","US02","CO","2","1","1","[NEEDS CLARIFICATION] Should “nearby” be defined as within 25 km, as stated in context, rather than 25 miles as stated in spec.md?","","","","","",""
"US02_CO_R2_Q02","US02_CO_R2","US02","CO","2","1","2","[NEEDS CLARIFICATION] Should ZIP validation accept only 5-digit ZIP codes and ZIP+4 formats?","","","","","",""
"US02_CO_R2_Q03","US02_CO_R2","US02","CO","2","1","3","[NEEDS CLARIFICATION] Should results include only recycling facilities with active and verified records?","","","","","",""
"US02_CO_R2_Q04","US02_CO_R2","US02","CO","2","1","4","[NEEDS CLARIFICATION] Are accepted material types required for every facility result, rather than optional “when known” details?","","","","","",""
"US02_CO_R2_Q05","US02_CO_R2","US02","CO","2","1","5","[NEEDS CLARIFICATION] For a valid but unrecognized ZIP, should the system show the specific “ZIP could not be recognized” message and skip the search?","","","","","",""
"US02_CO_R3_Q01","US02_CO_R3","US02","CO","3","1","1","[NEEDS CLARIFICATION] Should “nearby” use the 25 km radius stated in context, replacing the spec’s current 25-mile assumption?","","","","","",""
"US02_CO_R3_Q02","US02_CO_R3","US02","CO","3","1","2","[NEEDS CLARIFICATION] Should accepted material types be required for every facility result, as stated in context, rather than optional decision-support details?","","","","","",""
"US02_CO_R3_Q03","US02_CO_R3","US02","CO","3","1","3","[NEEDS CLARIFICATION] Should results be limited exclusively to facilities with active and verified registrations?","","","","","",""
"US02_CO_R3_Q04","US02_CO_R3","US02","CO","3","1","4","[NEEDS CLARIFICATION] For an unrecognized ZIP code, should the system treat it as invalid input and avoid running the search entirely?","","","","","",""
"US02_CD_R1_Q01","US02_CD_R1","US02","CD","1","1","1","[NEEDS CLARIFICATION] What supported geographic region or service area should ZIP code searches cover?","","","","","",""
"US02_CD_R1_Q02","US02_CD_R1","US02","CD","1","1","2","[NEEDS CLARIFICATION] What source of recycling facility data should the system use, and how should it handle stale or unverified facility information?","","","","","",""
"US02_CD_R1_Q03","US02_CD_R1","US02","CD","1","1","3","[NEEDS CLARIFICATION] What search radius should define “nearby” facilities if the initial ZIP code has few or no results?","","","","","",""
"US02_CD_R1_Q04","US02_CD_R1","US02","CD","1","1","4","[NEEDS CLARIFICATION] Which facility details are required to help users decide which facilities to consider beyond name, address, and distance?","","","","","",""
"US02_CD_R2_Q01","US02_CD_R2","US02","CD","2","1","1","[NEEDS CLARIFICATION] What supported region or service area should ZIP code searches cover?","","","","","",""
"US02_CD_R2_Q02","US02_CD_R2","US02","CD","2","1","2","[NEEDS CLARIFICATION] What radius or rule should define “nearby” recycling facilities?","","","","","",""
"US02_CD_R2_Q03","US02_CD_R2","US02","CD","2","1","3","[NEEDS CLARIFICATION] What facility data source should be used, and how current does the facility information need to be?","","","","","",""
"US02_CD_R2_Q04","US02_CD_R2","US02","CD","2","1","4","[NEEDS CLARIFICATION] Should distance be calculated as straight-line distance from the ZIP centroid, driving distance, or another method?","","","","","",""
"US02_CD_R2_Q05","US02_CD_R2","US02","CD","2","1","5","[NEEDS CLARIFICATION] Which recycling details are required for users to decide which facilities to consider, beyond name, address, and distance?","","","","","",""
"US02_CD_R3_Q01","US02_CD_R3","US02","CD","3","1","1","[NEEDS CLARIFICATION] What supported service area and ZIP code format should the product accept?","","","","","",""
"US02_CD_R3_Q02","US02_CD_R3","US02","CD","3","1","2","[NEEDS CLARIFICATION] What distance or radius defines “nearby” recycling facilities?","","","","","",""
"US02_CD_R3_Q03","US02_CD_R3","US02","CD","3","1","3","[NEEDS CLARIFICATION] What source should facility data come from, and how current must it be?","","","","","",""
"US02_CD_R3_Q04","US02_CD_R3","US02","CD","3","1","4","[NEEDS CLARIFICATION] Which facility details are required for users to “determine which ones to consider” beyond name, address, and distance?","","","","","",""
"US02_CS_R1_Q01","US02_CS_R1","US02","CS","1","1","1","[NEEDS CLARIFICATION] What ZIP code format and supported geographic area should the search accept?","","","","","",""
"US02_CS_R1_Q02","US02_CS_R1","US02","CS","1","1","2","[NEEDS CLARIFICATION] How should “nearby” be defined for returning facilities, such as a fixed radius, configurable radius, or a result count limit?","","","","","",""
"US02_CS_R1_Q03","US02_CS_R1","US02","CS","1","1","3","[NEEDS CLARIFICATION] What facility details are required in each result so the user can determine which facilities to consider?","","","","","",""
"US02_CS_R2_Q01","US02_CS_R2","US02","CS","2","1","1","[NEEDS CLARIFICATION] What radius or rule defines “nearby” facilities for a submitted ZIP code?","","","","","",""
"US02_CS_R2_Q02","US02_CS_R2","US02","CS","2","1","2","[NEEDS CLARIFICATION] What ZIP formats or geographic regions are supported?","","","","","",""
"US02_CS_R2_Q03","US02_CS_R2","US02","CS","2","1","3","[NEEDS CLARIFICATION] Which facility details are required for users to “determine which ones they should consider” beyond name, address, and distance?","","","","","",""
"US02_CS_R2_Q04","US02_CS_R2","US02","CS","2","1","4","[NEEDS CLARIFICATION] How should the system handle facilities with incomplete or stale data in the platform’s facility registry?","","","","","",""
"US02_CS_R3_Q01","US02_CS_R3","US02","CS","3","1","1","[NEEDS CLARIFICATION] What supported geographic region/service area should ZIP code searches cover?","","","","","",""
"US02_CS_R3_Q02","US02_CS_R3","US02","CS","3","1","2","[NEEDS CLARIFICATION] What distance radius or rule defines “nearby” recycling facilities?","","","","","",""
"US02_CS_R3_Q03","US02_CS_R3","US02","CS","3","1","3","[NEEDS CLARIFICATION] Which facility details are required for users to “determine which ones to consider” beyond name, address, and distance?","","","","","",""
"US02_CS_R3_Q04","US02_CS_R3","US02","CS","3","1","4","[NEEDS CLARIFICATION] How should the system behave when the geocoding service or facility registry is unavailable or returns incomplete data?","","","","","",""
"US02_CT_R1_Q01","US02_CT_R1","US02","CT","1","1","1","[NEEDS CLARIFICATION] Should “nearby” use the context-defined radius of 25 km, replacing the spec’s current assumption of 25 miles?","","","","","",""
"US02_CT_R1_Q02","US02_CT_R1","US02","CT","1","1","2","[NEEDS CLARIFICATION] Should accepted material types be mandatory for every facility result, as stated in context, instead of optional decision-support details as written in FR-006?","","","","","",""
"US02_CT_R1_Q03","US02_CT_R1","US02","CT","1","1","3","[NEEDS CLARIFICATION] How should the system message distinguish between an invalid ZIP format, a recognized ZIP with no nearby facilities, and a ZIP that cannot be recognized by the geocoding service?","","","","","",""
"US02_CT_R1_Q04","US02_CT_R1","US02","CT","1","1","4","[NEEDS CLARIFICATION] Should results be limited exclusively to facilities with active and verified records, and should inactive/unverified facilities be hidden even if geographically nearby?","","","","","",""
"US02_CT_R2_Q01","US02_CT_R2","US02","CT","2","1","1","[NEEDS CLARIFICATION] Should ""nearby"" be defined as within 25 km, replacing the current 25 miles assumption in `spec.md`?","","","","","",""
"US02_CT_R2_Q02","US02_CT_R2","US02","CT","2","1","2","[NEEDS CLARIFICATION] Should valid ZIP input explicitly include only 5-digit ZIP codes and ZIP+4 formats?","","","","","",""
"US02_CT_R2_Q03","US02_CT_R2","US02","CT","2","1","3","[NEEDS CLARIFICATION] Should results be limited to recycling facilities with active and verified platform records only?","","","","","",""
"US02_CT_R2_Q04","US02_CT_R2","US02","CT","2","1","4","[NEEDS CLARIFICATION] When ZIP geocoding fails because the ZIP cannot be recognized, should this be treated as the same user-facing state as an invalid ZIP, or as a separate error state?","","","","","",""
"US02_CT_R3_Q01","US02_CT_R3","US02","CT","3","1","1","[NEEDS CLARIFICATION] What message or user action should be provided when the ZIP geocoding service or facility registry is temporarily unavailable?","","","","","",""
"US08_C0_R1_Q01","US08_C0_R1","US08","C0","1","1","1","[NEEDS CLARIFICATION] How is the required estimator set for a draw defined and frozen before deciding that “all estimators” have submitted?","","","","","",""
"US08_C0_R1_Q02","US08_C0_R1","US08","C0","1","1","2","[NEEDS CLARIFICATION] Are estimators allowed to revise or resubmit estimates before the simultaneous reveal occurs?","","","","","",""
"US08_C0_R1_Q03","US08_C0_R1","US08","C0","1","1","3","[NEEDS CLARIFICATION] What should happen if an estimator submits after the estimates have already been revealed?","","","","","",""
"US08_C0_R1_Q04","US08_C0_R1","US08","C0","1","1","4","[NEEDS CLARIFICATION] What information may participants see while waiting: only a generic waiting state, or also submission progress such as “2 of 3 submitted”?","","","","","",""
"US08_C0_R2_Q01","US08_C0_R2","US08","C0","2","1","1","[NEEDS CLARIFICATION] Who counts as a “required estimator” for a draw, and can that required set change after the draw has started?","","","","","",""
"US08_C0_R2_Q02","US08_C0_R2","US08","C0","2","1","2","[NEEDS CLARIFICATION] What should the participant see while waiting: only a generic waiting state, or also non-estimate metadata such as number of submitted estimates, missing estimator names, or progress count?","","","","","",""
"US08_C0_R2_Q03","US08_C0_R2","US08","C0","2","1","3","[NEEDS CLARIFICATION] If an estimator fails to submit, is there any timeout, cancellation, override, or manual reveal path, or must estimates remain hidden indefinitely?","","","","","",""
"US08_C0_R2_Q04","US08_C0_R2","US08","C0","2","1","4","[NEEDS CLARIFICATION] After estimates are revealed, should estimators be prevented from revising their estimates entirely, or should later revisions be stored but excluded from the revealed result set?","","","","","",""
"US08_C0_R3_Q01","US08_C0_R3","US08","C0","3","1","1","[NEEDS CLARIFICATION] Who counts as an “estimator required for that draw” when reveal readiness is evaluated?","","","","","",""
"US08_C0_R3_Q02","US08_C0_R3","US08","C0","3","1","2","[NEEDS CLARIFICATION] Should estimators themselves also be prevented from seeing other estimates before the simultaneous reveal, or is this requirement limited to participants?","","","","","",""
"US08_C0_R3_Q03","US08_C0_R3","US08","C0","3","1","3","[NEEDS CLARIFICATION] What should happen if a required estimator never submits an estimate for a draw?","","","","","",""
"US08_C0_R3_Q04","US08_C0_R3","US08","C0","3","1","4","[NEEDS CLARIFICATION] After estimates are revealed, should later estimate changes be blocked entirely, recorded but hidden, or allowed to update the revealed result set?","","","","","",""
"US08_CL_R1_Q01","US08_CL_R1","US08","CL","1","1","1","[NEEDS CLARIFICATION] Who is included in the “all estimators” set for a draw: every estimator assigned before the draw starts, only estimators currently active/available, or another defined required subset?","","","","","",""
"US08_CL_R1_Q02","US08_CL_R1","US08","CL","1","1","2","[NEEDS CLARIFICATION] Are estimators themselves also allowed to view revealed estimates as participants, and if so must they be subject to the same hidden-until-complete reveal rule?","","","","","",""
"US08_CL_R1_Q03","US08_CL_R1","US08","CL","1","1","3","[NEEDS CLARIFICATION] What should happen if a required estimator never submits an estimate: should the draw wait indefinitely, allow cancellation, allow an override, or use a timeout rule?","","","","","",""
"US08_CL_R2_Q01","US08_CL_R2","US08","CL","2","1","1","[NEEDS CLARIFICATION] Are estimators themselves allowed to see any submitted estimates before they have submitted their own estimate, or does the hidden-until-complete rule apply to every participant role?","","","","","",""
"US08_CL_R2_Q02","US08_CL_R2","US08","CL","2","1","2","[NEEDS CLARIFICATION] Should the simultaneous reveal happen automatically in real time when the final required estimate is submitted, or is it acceptable for users to see it only after refreshing or re-opening the draw?","","","","","",""
"US08_CL_R2_Q03","US08_CL_R2","US08","CL","2","1","3","[NEEDS CLARIFICATION] What should happen if a required estimator never submits an estimate: should the draw wait indefinitely, allow an authorized override, or support a timeout/exclusion mechanism?","","","","","",""
"US08_CL_R2_Q04","US08_CL_R2","US08","CL","2","1","4","[NEEDS CLARIFICATION] After estimates have been revealed, are estimators allowed to revise their estimates, and if so should those revisions be shown, blocked, or tracked separately?","","","","","",""
"US08_CL_R3_Q01","US08_CL_R3","US08","CL","3","1","1","[NEEDS CLARIFICATION] Does “all estimators” mean every active estimator in the round, or only the estimators assigned/required for the specific draw?","","","","","",""
"US08_CL_R3_Q02","US08_CL_R3","US08","CL","3","1","2","[NEEDS CLARIFICATION] Before the reveal, may an estimator-participant see their own submitted estimate, or must all estimates including their own remain hidden in the results view?","","","","","",""
"US08_CL_R3_Q03","US08_CL_R3","US08","CL","3","1","3","[NEEDS CLARIFICATION] After the simultaneous reveal occurs, should later submissions or revisions be rejected entirely, recorded but hidden, or shown separately as late/non-reveal estimates?","","","","","",""
"US08_CO_R1_Q01","US08_CO_R1","US08","CO","1","1","1","[NEEDS CLARIFICATION] If an estimator submits an estimate and then leaves the round before reveal, should that estimator’s submitted estimate be excluded from the revealed set because they are no longer active?","","","","","",""
"US08_CO_R1_Q02","US08_CO_R1","US08","CO","1","1","2","[NEEDS CLARIFICATION] If all remaining active estimators have submitted but one or more inactive/left estimators previously submitted estimates, should participants see only active estimators’ estimates or all submitted estimates for the round?","","","","","",""
"US08_CO_R2_Q01","US08_CO_R2","US08","CO","2","1","1","[NEEDS CLARIFICATION] If a new estimator joins or becomes active after some estimates have already been submitted but before reveal, should that estimator be required before the reveal can occur?","","","","","",""
"US08_CO_R2_Q02","US08_CO_R2","US08","CO","2","1","2","[NEEDS CLARIFICATION] After reveal, should participants see estimates linked to estimator identities, anonymized, or according to an existing visibility rule?","","","","","",""
"US08_CO_R2_Q03","US08_CO_R2","US08","CO","2","1","3","[NEEDS CLARIFICATION] If an active estimator leaves the round after submitting an estimate but before reveal, should their submitted estimate remain in the revealed set or be excluded?","","","","","",""
"US08_CO_R3_Q01","US08_CO_R3","US08","CO","3","1","1","[NEEDS CLARIFICATION] If a new estimator becomes active after a draw has already started but before reveal, should that estimator be included in the required set for that draw?","","","","","",""
"US08_CO_R3_Q02","US08_CO_R3","US08","CO","3","1","2","[NEEDS CLARIFICATION] When the final active estimator submits and automatic reveal occurs, should the reveal be immediate in real time for all participants, or is refresh/polling acceptable?","","","","","",""
"US08_CO_R3_Q03","US08_CO_R3","US08","CO","3","1","3","[NEEDS CLARIFICATION] Are estimators themselves considered “participants” for estimate visibility, meaning they also must not see any other estimates before the simultaneous reveal?","","","","","",""
"US08_CD_R1_Q01","US08_CD_R1","US08","CD","1","1","1","[NEEDS CLARIFICATION] Are estimators themselves also considered participants/viewers who must be prevented from seeing any estimates before the simultaneous reveal, or does this visibility rule apply only to non-estimating participants?","","","","","",""
"US08_CD_R2_Q01","US08_CD_R2","US08","CD","2","1","1","[NEEDS CLARIFICATION] Who exactly counts as “all estimators” for a draw, and at what point is that required estimator set finalized?","","","","","",""
"US08_CD_R2_Q02","US08_CD_R2","US08","CD","2","1","2","[NEEDS CLARIFICATION] If one or more required estimators never submit an estimate, should the reveal wait indefinitely, expire/cancel the draw, or follow another existing workflow rule?","","","","","",""
"US08_CD_R2_Q03","US08_CD_R2","US08","CD","2","1","3","[NEEDS CLARIFICATION] Does “participant” include estimators viewing the draw, or only non-estimating observers/participants?","","","","","",""
"US08_CD_R2_Q04","US08_CD_R2","US08","CD","2","1","4","[NEEDS CLARIFICATION] Must the simultaneous reveal be synchronized in real time across all participant clients, or is it sufficient that each participant only sees the complete set after the reveal condition is met?","","","","","",""
"US08_CD_R3_Q01","US08_CD_R3","US08","CD","3","1","1","[NEEDS CLARIFICATION] What should happen if one or more required estimators never submit an estimate for a draw?","","","","","",""
"US08_CD_R3_Q02","US08_CD_R3","US08","CD","3","1","2","[NEEDS CLARIFICATION] While estimates are hidden, should participants see only a generic waiting state, or should they see the count/names of estimators who have not submitted?","","","","","",""
"US08_CD_R3_Q03","US08_CD_R3","US08","CD","3","1","3","[NEEDS CLARIFICATION] If the required estimator set changes after a draw has started, should reveal readiness use the original set or the updated set?","","","","","",""
"US08_CD_R3_Q04","US08_CD_R3","US08","CD","3","1","4","[NEEDS CLARIFICATION] How should late submissions after reveal be handled: rejected entirely, stored but hidden, or recorded separately from the revealed result set?","","","","","",""
"US08_CS_R1_Q01","US08_CS_R1","US08","CS","1","1","1","[NEEDS CLARIFICATION] Is the required estimator set for a draw fixed at draw start, or should it reflect the current active estimator list at the moment reveal readiness is checked?","","","","","",""
"US08_CS_R1_Q02","US08_CS_R1","US08","CS","1","1","2","[NEEDS CLARIFICATION] Who exactly counts as a “participant” for visibility rules: only non-estimating observers, estimators themselves, or everyone in the session?","","","","","",""
"US08_CS_R1_Q03","US08_CS_R1","US08","CS","1","1","3","[NEEDS CLARIFICATION] When estimates are still hidden, should participants see only a generic waiting state or also progress information such as how many estimators have submitted?","","","","","",""
"US08_CS_R2_Q01","US08_CS_R2","US08","CS","2","1","1","[NEEDS CLARIFICATION] Is the “required estimators” set fixed when the draw starts, or should it be recalculated from the active estimator list at reveal time?","","","","","",""
"US08_CS_R2_Q02","US08_CS_R2","US08","CS","2","1","2","[NEEDS CLARIFICATION] If an estimator becomes inactive or leaves before submitting, should the reveal wait indefinitely, exclude that estimator, or require some explicit session action before reveal?","","","","","",""
"US08_CS_R2_Q03","US08_CS_R2","US08","CS","2","1","3","[NEEDS CLARIFICATION] While estimates are hidden, should participants see only that submissions are pending, or may they see submission status/counts such as “3 of 5 submitted” or which estimators have submitted?","","","","","",""
"US08_CS_R3_Q01","US08_CS_R3","US08","CS","3","1","1","[NEEDS CLARIFICATION] Are “required estimators” for a draw exactly the active estimators in the game session at the time the draw starts, or can the required set change during the draw?","","","","","",""
"US08_CS_R3_Q02","US08_CS_R3","US08","CS","3","1","2","[NEEDS CLARIFICATION] If an active estimator leaves, disconnects, or becomes inactive before submitting, should the reveal wait indefinitely, exclude that estimator, or follow another session rule?","","","","","",""
"US08_CS_R3_Q03","US08_CS_R3","US08","CS","3","1","3","[NEEDS CLARIFICATION] Does “participant” include estimators viewing the draw, or only non-estimator observers?","","","","","",""
"US08_CT_R1_Q01","US08_CT_R1","US08","CT","1","1","1","[NEEDS CLARIFICATION] Should reveal readiness be based on the current active estimators at the moment of evaluation, excluding estimators who leave the round before reveal?","","","","","",""
"US08_CT_R1_Q02","US08_CT_R1","US08","CT","1","1","2","[NEEDS CLARIFICATION] While waiting for reveal, should participants see only a generic waiting state, or may they see progress information such as number of submitted/missing estimates or estimator names?","","","","","",""
"US08_CT_R2_Q01","US08_CT_R2","US08","CT","2","1","1","[NEEDS CLARIFICATION] If an estimator submits an estimate and then leaves the round before reveal, should their previously submitted estimate be excluded from the revealed set?","","","","","",""
"US08_CT_R2_Q02","US08_CT_R2","US08","CT","2","1","2","[NEEDS CLARIFICATION] If a new estimator becomes active after other estimators have already submitted but before reveal, must the system wait for that new estimator’s estimate before revealing?","","","","","",""
"US08_CT_R2_Q03","US08_CT_R2","US08","CT","2","1","3","[NEEDS CLARIFICATION] If all estimators leave before reveal and the active estimator set becomes empty, should the round reveal no estimates, remain waiting, or enter a distinct “no estimates” state?","","","","","",""
"US08_CT_R3_Q01","US08_CT_R3","US08","CT","3","1","1","[NEEDS CLARIFICATION] If an estimator submits an estimate and then leaves the round before reveal, should their submitted estimate be included in the revealed set or excluded because they are no longer an active estimator?","","","","","",""
"US08_CT_R3_Q02","US08_CT_R3","US08","CT","3","1","2","[NEEDS CLARIFICATION] Are revealed estimates visible to all round participants, including estimators, or only to non-estimating participant viewers?","","","","","",""
"US08_CT_R3_Q03","US08_CT_R3","US08","CT","3","1","3","[NEEDS CLARIFICATION] After automatic reveal has occurred, should the system block further estimate submissions entirely, or allow them while excluding them from the revealed result set?","","","","","",""
"US18_C0_R1_Q01","US18_C0_R1","US18","C0","1","1","1","[NEEDS CLARIFICATION] How should the system identify and prevent duplicate participant entries from repeated submissions: by browser/session, exact display name within the game, authenticated user identity, or another identifier?","","","","","",""
"US18_C0_R1_Q02","US18_C0_R1","US18","C0","1","1","2","[NEEDS CLARIFICATION] What should happen after a successful join: remain on a confirmation page, enter the game/lobby immediately, or navigate to another participation view?","","","","","",""
"US18_C0_R1_Q03","US18_C0_R1","US18","C0","1","1","3","[NEEDS CLARIFICATION] Are there any constraints on estimator names beyond non-empty/non-whitespace, such as maximum length, allowed characters, trimming behavior, or uniqueness within a game?","","","","","",""
"US18_C0_R1_Q04","US18_C0_R1","US18","C0","1","1","4","[NEEDS CLARIFICATION] What conditions make a received game URL “not joinable” versus “game no longer accepting participants”?","","","","","",""
"US18_C0_R2_Q01","US18_C0_R2","US18","C0","2","1","1","[NEEDS CLARIFICATION] How should the received URL identify the game to join, and what makes that URL/game “valid” or “joinable”?","","","","","",""
"US18_C0_R2_Q02","US18_C0_R2","US18","C0","2","1","2","[NEEDS CLARIFICATION] What constraints, if any, should apply to the estimator’s entered name beyond being non-empty and not whitespace, such as maximum length, allowed characters, or duplicate names within the same game?","","","","","",""
"US18_C0_R2_Q03","US18_C0_R2","US18","C0","2","1","3","[NEEDS CLARIFICATION] After successfully joining, what should the estimator be taken to or shown: a waiting area, the game interface, or only a confirmation message?","","","","","",""
"US18_C0_R2_Q04","US18_C0_R2","US18","C0","2","1","4","[NEEDS CLARIFICATION] What should happen if the same estimator reloads the page or submits the join form again after already joining?","","","","","",""
"US18_C0_R3_Q01","US18_C0_R3","US18","C0","3","1","1","[NEEDS CLARIFICATION] How is the received game URL expected to identify the game, and what makes that URL invalid or non-joinable?","","","","","",""
"US18_C0_R3_Q02","US18_C0_R3","US18","C0","3","1","2","[NEEDS CLARIFICATION] What condition determines that a game is “no longer accepting participants”?","","","","","",""
"US18_C0_R3_Q03","US18_C0_R3","US18","C0","3","1","3","[NEEDS CLARIFICATION] What should happen if another participant in the same game already uses the entered name?","","","","","",""
"US18_C0_R3_Q04","US18_C0_R3","US18","C0","3","1","4","[NEEDS CLARIFICATION] What rules, if any, apply to estimator names beyond being non-empty and not whitespace-only, such as maximum length or allowed characters?","","","","","",""
"US18_C0_R3_Q05","US18_C0_R3","US18","C0","3","1","5","[NEEDS CLARIFICATION] What should “can participate” mean immediately after joining: staying on the join page with confirmation, redirecting to a game screen, or another visible state?","","","","","",""
"US18_CL_R1_Q01","US18_CL_R1","US18","CL","1","1","1","[NEEDS CLARIFICATION] How should the system determine that an estimator is authorized to join a game from the received URL?","","","","","",""
"US18_CL_R1_Q02","US18_CL_R1","US18","CL","1","1","2","[NEEDS CLARIFICATION] Are estimator display names required to be unique within a game, and if a duplicate name is entered, what should happen?","","","","","",""
"US18_CL_R1_Q03","US18_CL_R1","US18","CL","1","1","3","[NEEDS CLARIFICATION] How should repeated join submissions be recognized as the same join attempt so duplicate participant entries are avoided?","","","","","",""
"US18_CL_R1_Q04","US18_CL_R1","US18","CL","1","1","4","[NEEDS CLARIFICATION] What condition makes a game “no longer accepting participants”?","","","","","",""
"US18_CL_R2_Q01","US18_CL_R2","US18","CL","2","1","1","[NEEDS CLARIFICATION] How should the system verify that an estimator is authorized to join a game from the received URL?","","","","","",""
"US18_CL_R2_Q02","US18_CL_R2","US18","CL","2","1","2","[NEEDS CLARIFICATION] What should happen if two estimators enter the same display name for the same game?","","","","","",""
"US18_CL_R2_Q03","US18_CL_R2","US18","CL","2","1","3","[NEEDS CLARIFICATION] Are there any required constraints on estimator names beyond non-empty and not whitespace-only, such as maximum length or disallowed characters?","","","","","",""
"US18_CL_R3_Q01","US18_CL_R3","US18","CL","3","1","1","[NEEDS CLARIFICATION] What makes an estimator “authorized” to join a game from the received URL?","","","","","",""
"US18_CL_R3_Q02","US18_CL_R3","US18","CL","3","1","2","[NEEDS CLARIFICATION] What exact game states should make a URL “not joinable” or “no longer accepting participants”?","","","","","",""
"US18_CL_R3_Q03","US18_CL_R3","US18","CL","3","1","3","[NEEDS CLARIFICATION] Should two different estimators be allowed to join the same game using the same display name?","","","","","",""
"US18_CL_R3_Q04","US18_CL_R3","US18","CL","3","1","4","[NEEDS CLARIFICATION] How should the system identify and prevent duplicate participant entries from repeated submissions of the same join attempt?","","","","","",""
"US18_CO_R1_Q01","US18_CO_R1","US18","CO","1","1","1","[NEEDS CLARIFICATION] Should valid estimator names be limited to 1-50 characters, as stated in the operational context?","","","","","",""
"US18_CO_R1_Q02","US18_CO_R1","US18","CO","1","1","2","[NEEDS CLARIFICATION] When an active estimator in the same session already uses the submitted name, should the join be rejected with an error instead of creating another participant?","","","","","",""
"US18_CO_R1_Q03","US18_CO_R1","US18","CO","1","1","3","[NEEDS CLARIFICATION] After a successful join, should the estimator be redirected to the active game page, rather than only shown a confirmation/participating state?","","","","","",""
"US18_CO_R2_Q01","US18_CO_R2","US18","CO","2","1","1","[NEEDS CLARIFICATION] Should estimator names be trimmed before validation/storage/display, or should leading/trailing spaces be preserved when the name is accepted?","","","","","",""
"US18_CO_R2_Q02","US18_CO_R2","US18","CO","2","1","2","[NEEDS CLARIFICATION] When an active estimator name is already in use within the same session, what exact behavior should occur: block the join with an error, allow a renamed duplicate, or treat it as reconnecting the same estimator?","","","","","",""
"US18_CO_R2_Q03","US18_CO_R2","US18","CO","2","1","3","[NEEDS CLARIFICATION] After a successful join, should the estimator see an intermediate confirmation state, be immediately redirected to the active game page, or both?","","","","","",""
"US18_CO_R2_Q04","US18_CO_R2","US18","CO","2","1","4","[NEEDS CLARIFICATION] For an invalid or unavailable invite URL, should the system expose one generic message or distinguish between invalid invite, unavailable invite, and closed session?","","","","","",""
"US18_CO_R3_Q01","US18_CO_R3","US18","CO","3","1","1","[NEEDS CLARIFICATION] If an estimator submits a name already used by another active estimator in the same session, what exact outcome should occur: block with an error, allow after disambiguation, or treat as the same participant?","","","","","",""
"US18_CO_R3_Q02","US18_CO_R3","US18","CO","3","1","2","[NEEDS CLARIFICATION] After a successful join, should the estimator only see confirmation, or must they be redirected immediately to the active game page?","","","","","",""
"US18_CO_R3_Q03","US18_CO_R3","US18","CO","3","1","3","[NEEDS CLARIFICATION] What should happen when the same browser/page submits the join action more than once with the same valid name: ignore the duplicate, show the existing participation state, or return an error?","","","","","",""
"US18_CD_R1_Q01","US18_CD_R1","US18","CD","1","1","1","[NEEDS CLARIFICATION] What determines whether a game is “no longer accepting participants” for the join flow?","","","","","",""
"US18_CD_R1_Q02","US18_CD_R1","US18","CD","1","1","2","[NEEDS CLARIFICATION] How should the system identify and prevent duplicate participant entries from repeated submissions without requiring account creation or authentication?","","","","","",""
"US18_CD_R1_Q03","US18_CD_R1","US18","CD","1","1","3","[NEEDS CLARIFICATION] Are there any required constraints for estimator display names beyond non-empty and non-whitespace, such as maximum length, allowed characters, or duplicate names within the same game?","","","","","",""
"US18_CD_R2_Q01","US18_CD_R2","US18","CD","2","1","1","[NEEDS CLARIFICATION] Should multiple estimators be allowed to join the same game using the same display name, or must names be unique within a game?","","","","","",""
"US18_CD_R2_Q02","US18_CD_R2","US18","CD","2","1","2","[NEEDS CLARIFICATION] After joining without an account, how should the system recognize the same estimator on refresh or return visit to avoid duplicate participation?","","","","","",""
"US18_CD_R2_Q03","US18_CD_R2","US18","CD","2","1","3","[NEEDS CLARIFICATION] What exact condition determines that a game is “no longer accepting participants” for this join flow?","","","","","",""
"US18_CD_R3_Q01","US18_CD_R3","US18","CD","3","1","1","[NEEDS CLARIFICATION] Should two estimators in the same game be allowed to join with the same display name?","","","","","",""
"US18_CD_R3_Q02","US18_CD_R3","US18","CD","3","1","2","[NEEDS CLARIFICATION] After a successful join, should the estimator be taken directly into the game interface, or is a confirmation/participating state sufficient for this feature?","","","","","",""
"US18_CD_R3_Q03","US18_CD_R3","US18","CD","3","1","3","[NEEDS CLARIFICATION] What condition defines that a game is “no longer accepting participants” for this join flow?","","","","","",""
"US18_CS_R1_Q01","US18_CS_R1","US18","CS","1","1","1","[NEEDS CLARIFICATION] How should the system identify a repeated join attempt from the same estimator/page so it can avoid creating duplicate participant entries?","","","","","",""
"US18_CS_R1_Q02","US18_CS_R1","US18","CS","1","1","2","[NEEDS CLARIFICATION] What condition determines that a game is “no longer accepting participants”?","","","","","",""
"US18_CS_R1_Q03","US18_CS_R1","US18","CS","1","1","3","[NEEDS CLARIFICATION] Are duplicate estimator display names allowed within the same game, or must each participant name be unique per game?","","","","","",""
"US18_CS_R1_Q04","US18_CS_R1","US18","CS","1","1","4","[NEEDS CLARIFICATION] Are there any constraints on valid estimator names beyond being non-empty and not whitespace-only, such as maximum length or forbidden characters?","","","","","",""
"US18_CS_R2_Q01","US18_CS_R2","US18","CS","2","1","1","[NEEDS CLARIFICATION] How should the system identify “the same join attempt” to prevent duplicate participant entries: same browser/session, same entered name within the same game, or another identifier?","","","","","",""
"US18_CS_R3_Q01","US18_CS_R3","US18","CS","3","1","1","[NEEDS CLARIFICATION] How should the system identify “the same join attempt” to prevent duplicate participants: browser session, exact estimator name within the game, authenticated user identity, or another mechanism?","","","","","",""
"US18_CS_R3_Q02","US18_CS_R3","US18","CS","3","1","2","[NEEDS CLARIFICATION] Are there any display-name constraints beyond non-empty/non-whitespace, such as maximum length, allowed characters, or duplicate names within the same game?","","","","","",""
"US18_CS_R3_Q03","US18_CS_R3","US18","CS","3","1","3","[NEEDS CLARIFICATION] After a successful join, should the estimator remain recognized as joined if they refresh or reopen the same game URL later?","","","","","",""
"US18_CT_R1_Q01","US18_CT_R1","US18","CT","1","1","1","[NEEDS CLARIFICATION] How should the system handle an estimator entering a name already used by another active estimator in the same game session?","","","","","",""
"US18_CT_R1_Q02","US18_CT_R1","US18","CT","1","1","2","[NEEDS CLARIFICATION] After a successful join, should the estimator remain on a confirmation state or be immediately redirected to the active game page?","","","","","",""
"US18_CT_R1_Q03","US18_CT_R1","US18","CT","1","1","3","[NEEDS CLARIFICATION] For repeated submissions from the same page without authentication, what identifier should determine that this is the same join attempt rather than a new estimator with the same name?","","","","","",""
"US18_CT_R2_Q01","US18_CT_R2","US18","CT","2","1","1","[NEEDS CLARIFICATION] What should happen when a submitted name is already used by another active estimator in the same game session?","","","","","",""
"US18_CT_R2_Q02","US18_CT_R2","US18","CT","2","1","2","[NEEDS CLARIFICATION] Should names longer than 50 characters be blocked, truncated, or otherwise handled?","","","","","",""
"US18_CT_R2_Q03","US18_CT_R2","US18","CT","2","1","3","[NEEDS CLARIFICATION] After a successful join, should the estimator remain on a confirmation state or be redirected immediately to the active game page?","","","","","",""
"US18_CT_R3_Q01","US18_CT_R3","US18","CT","3","1","1","[NEEDS CLARIFICATION] Should estimator names be treated as case-sensitive or case-insensitive when preventing duplicate active names within the same game session?","","","","","",""
"US18_CT_R3_Q02","US18_CT_R3","US18","CT","3","1","2","[NEEDS CLARIFICATION] What should happen when an estimator tries to join with a name already used by another active estimator in the same session?","","","","","",""
"US18_CT_R3_Q03","US18_CT_R3","US18","CT","3","1","3","[NEEDS CLARIFICATION] After a successful join, must the estimator be redirected to the active game page, or is an on-page participating confirmation sufficient?","","","","","",""
"US25_C0_R1_Q01","US25_C0_R1","US25","C0","1","1","1","[NEEDS CLARIFICATION] What geographic precision should “my area” use for recommendations: neighborhood, city, metro region, county/state, or a user-selectable radius?","","","","","",""
"US25_C0_R1_Q02","US25_C0_R1","US25","C0","1","1","2","[NEEDS CLARIFICATION] What time window defines a “current” news event versus a stale one?","","","","","",""
"US25_C0_R1_Q03","US25_C0_R1","US25","C0","1","1","3","[NEEDS CLARIFICATION] What sources or inputs provide the local news events, and are they already available to the recommendation system?","","","","","",""
"US25_C0_R1_Q04","US25_C0_R1","US25","C0","1","1","4","[NEEDS CLARIFICATION] What types of content are eligible for recommendation, and must they be news articles specifically or any related content?","","","","","",""
"US25_C0_R1_Q05","US25_C0_R1","US25","C0","1","1","5","[NEEDS CLARIFICATION] How should “most relevant” be weighted when recency, local significance, and available content fit conflict?","","","","","",""
"US25_C0_R2_Q01","US25_C0_R2","US25","C0","2","1","1","[NEEDS CLARIFICATION] What geographic granularity should “my area” use for recommendations: neighborhood, city, region, or another boundary?","","","","","",""
"US25_C0_R2_Q02","US25_C0_R2","US25","C0","2","1","2","[NEEDS CLARIFICATION] What time window defines a news event as “current” versus stale?","","","","","",""
"US25_C0_R2_Q03","US25_C0_R2","US25","C0","2","1","3","[NEEDS CLARIFICATION] What types of content are eligible to be recommended based on local news events?","","","","","",""
"US25_C0_R2_Q04","US25_C0_R2","US25","C0","2","1","4","[NEEDS CLARIFICATION] How should “most relevant” be weighted among recency, local significance, and match to available content?","","","","","",""
"US25_C0_R2_Q05","US25_C0_R2","US25","C0","2","1","5","[NEEDS CLARIFICATION] Should users see an explanation that a recommendation is based on a specific local news event?","","","","","",""
"US25_C0_R3_Q01","US25_C0_R3","US25","C0","3","1","1","[NEEDS CLARIFICATION] What geographic precision should “my area” use for recommendations: neighborhood, city, region, radius around current location, or user-selected boundary?","","","","","",""
"US25_C0_R3_Q02","US25_C0_R3","US25","C0","3","1","2","[NEEDS CLARIFICATION] What sources or existing system inputs provide the “current news events” used for recommendation ranking?","","","","","",""
"US25_C0_R3_Q03","US25_C0_R3","US25","C0","3","1","3","[NEEDS CLARIFICATION] How should the system define “current” versus stale news events, including any time window or expiration rule?","","","","","",""
"US25_C0_R3_Q04","US25_C0_R3","US25","C0","3","1","4","[NEEDS CLARIFICATION] What types of content are eligible for recommendation, and how should content be matched to a news event?","","","","","",""
"US25_C0_R3_Q05","US25_C0_R3","US25","C0","3","1","5","[NEEDS CLARIFICATION] How should local news relevance be weighted against the user’s existing personalization or general recommendation signals?","","","","","",""
"US25_CL_R1_Q01","US25_CL_R1","US25","CL","1","1","1","[NEEDS CLARIFICATION] What time window defines a news event as “current” versus “stale” for recommendation eligibility?","","","","","",""
"US25_CL_R1_Q02","US25_CL_R1","US25","CL","1","1","2","[NEEDS CLARIFICATION] What criteria make a news event from registered news sources “eligible” to drive recommendations?","","","","","",""
"US25_CL_R1_Q03","US25_CL_R1","US25","CL","1","1","3","[NEEDS CLARIFICATION] How should “most relevant” be weighted between recency, municipal locality, event significance, and availability of associated content?","","","","","",""
"US25_CL_R1_Q04","US25_CL_R1","US25","CL","1","1","4","[NEEDS CLARIFICATION] What should happen when the user profile has no associated municipality or the municipality cannot be resolved?","","","","","",""
"US25_CL_R1_Q05","US25_CL_R1","US25","CL","1","1","5","[NEEDS CLARIFICATION] Should recommendations include only content directly associated with eligible news events, or may they also include broader related topical content as fallback?","","","","","",""
"US25_CL_R2_Q01","US25_CL_R2","US25","CL","2","1","1","[NEEDS CLARIFICATION] Should “my area” be strictly the municipality associated with the user profile, or may the user override it with a manually selected/provided area?","","","","","",""
"US25_CL_R2_Q02","US25_CL_R2","US25","CL","2","1","2","[NEEDS CLARIFICATION] What makes a news event “eligible” for recommendations from the registered news sources?","","","","","",""
"US25_CL_R2_Q03","US25_CL_R2","US25","CL","2","1","3","[NEEDS CLARIFICATION] What freshness threshold defines a news event as current versus stale?","","","","","",""
"US25_CL_R2_Q04","US25_CL_R2","US25","CL","2","1","4","[NEEDS CLARIFICATION] How should “most relevant” be ranked when recency, local significance, and content availability conflict?","","","","","",""
"US25_CL_R2_Q05","US25_CL_R2","US25","CL","2","1","5","[NEEDS CLARIFICATION] Should recommendations explain which local news event caused or influenced each recommended content item?","","","","","",""
"US25_CL_R3_Q01","US25_CL_R3","US25","CL","3","1","1","[NEEDS CLARIFICATION] Should “user’s area” be restricted to the municipality associated with the user profile, or should users also be able to confirm/change it as the spec currently states?","","","","","",""
"US25_CL_R3_Q02","US25_CL_R3","US25","CL","3","1","2","[NEEDS CLARIFICATION] What makes a news event “eligible” for recommendation: any event from registered news sources, or only events meeting additional criteria such as freshness, source trust, category, or moderation status?","","","","","",""
"US25_CL_R3_Q03","US25_CL_R3","US25","CL","3","1","3","[NEEDS CLARIFICATION] How should “most relevant” local news events be ranked when multiple eligible events exist for the same municipality?","","","","","",""
"US25_CL_R3_Q04","US25_CL_R3","US25","CL","3","1","4","[NEEDS CLARIFICATION] What content should be recommended when no eligible news event exists for the user’s municipality, given the context defines recommended content as content associated with an eligible news event?","","","","","",""
"US25_CO_R1_Q01","US25_CO_R1","US25","CO","1","1","1","[NEEDS CLARIFICATION] When no local news events from the last 24 hours are available, should the system return no local recommendations with a message, or fall back to broader-area/general recommendations?","","","","","",""
"US25_CO_R1_Q02","US25_CO_R1","US25","CO","1","1","2","[NEEDS CLARIFICATION] How should the relevance score combine recency and assigned event importance, including weighting and tie-breaking?","","","","","",""
"US25_CO_R1_Q03","US25_CO_R1","US25","CO","1","1","3","[NEEDS CLARIFICATION] What geographic precision defines “my area” for eligibility: neighborhood, city, region, or another boundary?","","","","","",""
"US25_CO_R1_Q04","US25_CO_R1","US25","CO","1","1","4","[NEEDS CLARIFICATION] If fewer than ten eligible local recommendations exist, should the system return only the available local recommendations or fill remaining slots with non-local/general content?","","","","","",""
"US25_CO_R2_Q01","US25_CO_R2","US25","CO","2","1","1","[NEEDS CLARIFICATION] When no eligible local news events exist in the last 24 hours, should the system return no local recommendations with an explicit “no local recommendations available” message, or fall back to broader-area/general recommendations?","","","","","",""
"US25_CO_R2_Q02","US25_CO_R2","US25","CO","2","1","2","[NEEDS CLARIFICATION] What geographic boundary should “my area” use for matching news events: user-selected city/region, inferred current location, neighborhood-level area, or another defined scope?","","","","","",""
"US25_CO_R2_Q03","US25_CO_R2","US25","CO","2","1","3","[NEEDS CLARIFICATION] How should the relevance score combine recency and event importance: fixed weights, configurable weights, or another scoring rule?","","","","","",""
"US25_CO_R2_Q04","US25_CO_R2","US25","CO","2","1","4","[NEEDS CLARIFICATION] Who or what assigns the “importance” value for a news event, and what scale or categories should it use?","","","","","",""
"US25_CO_R2_Q05","US25_CO_R2","US25","CO","2","1","5","[NEEDS CLARIFICATION] If fewer than ten eligible local recommendations are available, should the system return only the available local recommendations or fill remaining slots with non-local/general content?","","","","","",""
"US25_CO_R3_Q01","US25_CO_R3","US25","CO","3","1","1","[NEEDS CLARIFICATION] Should the feature follow the context rule that only news events from the last 24 hours are eligible, making older events stale?","","","","","",""
"US25_CO_R3_Q02","US25_CO_R3","US25","CO","3","1","2","[NEEDS CLARIFICATION] Should the system return a maximum of ten recommendations?","","","","","",""
"US25_CO_R3_Q03","US25_CO_R3","US25","CO","3","1","3","[NEEDS CLARIFICATION] When no local recommendations are available, should the system inform the user that none exist instead of falling back to broader-area or general recommendations?","","","","","",""
"US25_CO_R3_Q04","US25_CO_R3","US25","CO","3","1","4","[NEEDS CLARIFICATION] Should recommendations be ordered strictly by a relevance score combining recency and assigned event importance?","","","","","",""
"US25_CD_R1_Q01","US25_CD_R1","US25","CD","1","1","1","[NEEDS CLARIFICATION] What maximum age should a news event have to count as “current” rather than stale?","","","","","",""
"US25_CD_R1_Q02","US25_CD_R1","US25","CD","1","1","2","[NEEDS CLARIFICATION] What geographic granularity should “my area” use from the registered profile location: neighborhood, city, region/state, or another boundary?","","","","","",""
"US25_CD_R1_Q03","US25_CD_R1","US25","CD","1","1","3","[NEEDS CLARIFICATION] How should the system rank “most relevant” local news events when recency, local significance, and content availability disagree?","","","","","",""
"US25_CD_R1_Q04","US25_CD_R1","US25","CD","1","1","4","[NEEDS CLARIFICATION] What kinds of content items are eligible for recommendation: news articles only, or also related non-news content?","","","","","",""
"US25_CD_R2_Q01","US25_CD_R2","US25","CD","2","1","1","[NEEDS CLARIFICATION] What time window defines a news event as “current” versus “stale” for recommendation ranking?","","","","","",""
"US25_CD_R2_Q02","US25_CD_R2","US25","CD","2","1","2","[NEEDS CLARIFICATION] What geographic granularity should “my area” use from the registered profile location, such as neighborhood, city, metro area, region, or another boundary?","","","","","",""
"US25_CD_R2_Q03","US25_CD_R2","US25","CD","2","1","3","[NEEDS CLARIFICATION] Which news-event source or existing event feed should the system use to identify relevant local news events?","","","","","",""
"US25_CD_R2_Q04","US25_CD_R2","US25","CD","2","1","4","[NEEDS CLARIFICATION] What types of content items are eligible to be recommended based on local news events?","","","","","",""
"US25_CD_R3_Q01","US25_CD_R3","US25","CD","3","1","1","[NEEDS CLARIFICATION] What geographic granularity should “my area” use for profile-based location: neighborhood, city, region, ZIP/postal code, or another boundary?","","","","","",""
"US25_CD_R3_Q02","US25_CD_R3","US25","CD","3","1","2","[NEEDS CLARIFICATION] How recent must a news event be to count as “current,” and after what threshold should it be treated as stale?","","","","","",""
"US25_CD_R3_Q03","US25_CD_R3","US25","CD","3","1","3","[NEEDS CLARIFICATION] Which news-event sources or signals are considered authoritative enough to drive recommendations?","","","","","",""
"US25_CS_R1_Q01","US25_CS_R1","US25","CS","1","1","1","[NEEDS CLARIFICATION] Should “my area” be limited strictly to the municipality registered in the profile service, or may users manually confirm/change the area used for recommendations?","","","","","",""
"US25_CS_R1_Q02","US25_CS_R1","US25","CS","1","1","2","[NEEDS CLARIFICATION] What qualifies a news event as “current” versus stale for recommendation purposes?","","","","","",""
"US25_CS_R1_Q03","US25_CS_R1","US25","CS","1","1","3","[NEEDS CLARIFICATION] How should “most relevant” rank recency, local significance, and match to available recommendable content when these factors conflict?","","","","","",""
"US25_CS_R1_Q04","US25_CS_R1","US25","CS","1","1","4","[NEEDS CLARIFICATION] If the profile service has no registered municipality for the user, what should the recommendation experience do?","","","","","",""
"US25_CS_R1_Q05","US25_CS_R1","US25","CS","1","1","5","[NEEDS CLARIFICATION] Should recommendations expose any explanation that they were influenced by local news events, or is news-based ranking internal only?","","","","","",""
"US25_CS_R2_Q01","US25_CS_R2","US25","CS","2","1","1","[NEEDS CLARIFICATION] Should “my area” be strictly the municipality registered in the profile service, or should users also be able to confirm/change the area within the recommendation experience?","","","","","",""
"US25_CS_R2_Q02","US25_CS_R2","US25","CS","2","1","2","[NEEDS CLARIFICATION] What time window defines a “current” local news event versus a stale event?","","","","","",""
"US25_CS_R2_Q03","US25_CS_R2","US25","CS","2","1","3","[NEEDS CLARIFICATION] How should “most relevant” news events be scored or prioritized when recency, local significance, and content availability conflict?","","","","","",""
"US25_CS_R2_Q04","US25_CS_R2","US25","CS","2","1","4","[NEEDS CLARIFICATION] What fallback geographic scope should be used when no relevant news exists for the user’s municipality?","","","","","",""
"US25_CS_R2_Q05","US25_CS_R2","US25","CS","2","1","5","[NEEDS CLARIFICATION] What information does the platform’s news service provide for each event, especially location, timestamp, topic, significance, and duplicate detection fields?","","","","","",""
"US25_CS_R3_Q01","US25_CS_R3","US25","CS","3","1","1","[NEEDS CLARIFICATION] What definition of “current” should be used to decide whether a news event is eligible for recommendations?","","","","","",""
"US25_CS_R3_Q02","US25_CS_R3","US25","CS","3","1","2","[NEEDS CLARIFICATION] What geographic fallback should the system use when the user’s registered municipality has no relevant news events?","","","","","",""
"US25_CS_R3_Q03","US25_CS_R3","US25","CS","3","1","3","[NEEDS CLARIFICATION] What should happen if the municipality in the profile service is missing, invalid, or outdated?","","","","","",""
"US25_CS_R3_Q04","US25_CS_R3","US25","CS","3","1","4","[NEEDS CLARIFICATION] What evidence or signal from the news service determines that a news event is locally significant enough to influence ranking?","","","","","",""
"US25_CT_R1_Q01","US25_CT_R1","US25","CT","1","1","1","[NEEDS CLARIFICATION] When no eligible local news events exist, should the system return broader/general recommendations as currently specified, or should it state that no local recommendations are available and avoid expanding the region as stated in context?","","","","","",""
"US25_CT_R1_Q02","US25_CT_R1","US25","CT","1","1","2","[NEEDS CLARIFICATION] Should the user’s area be strictly the municipality from the profile service, or should users also be allowed to confirm/change the area within the recommendation experience?","","","","","",""
"US25_CT_R1_Q03","US25_CT_R1","US25","CT","1","1","3","[NEEDS CLARIFICATION] Should “current” news events be defined strictly as events from the last 24 hours?","","","","","",""
"US25_CT_R1_Q04","US25_CT_R1","US25","CT","1","1","4","[NEEDS CLARIFICATION] Should the recommendation list be capped at a maximum of ten items?","","","","","",""
"US25_CT_R1_Q05","US25_CT_R1","US25","CT","1","1","5","[NEEDS CLARIFICATION] Should relevance ranking use only the combined score of recency and assigned event importance, or should content fit/availability also affect the ranking score?","","","","","",""
"US25_CT_R2_Q01","US25_CT_R2","US25","CT","2","1","1","[NEEDS CLARIFICATION] If the profile service has no municipality for the user, should the system ask the user to set one before showing local recommendations, or should it return no local recommendations?","","","","","",""
"US25_CT_R2_Q02","US25_CT_R2","US25","CT","2","1","2","[NEEDS CLARIFICATION] When no eligible local news events exist in the user’s municipality within the last 24 hours, should the system return an empty/local-unavailable state only, or still provide non-local/general recommendations?","","","","","",""
"US25_CT_R2_Q03","US25_CT_R2","US25","CT","2","1","3","[NEEDS CLARIFICATION] Should users be able to change the recommendation area directly in this feature, or is the area always controlled only by the municipality stored in the profile service?","","","","","",""
"US25_CT_R2_Q04","US25_CT_R2","US25","CT","2","1","4","[NEEDS CLARIFICATION] What does “importance attributed to the event” mean operationally: is it supplied by the news service, computed by this feature, or configured by editors/admins?","","","","","",""
"US25_CT_R2_Q05","US25_CT_R2","US25","CT","2","1","5","[NEEDS CLARIFICATION] Should the recommendation result include an explanation or rationale tying each content item to the local news event, or only return the ranked content items?","","","","","",""
"US25_CT_R3_Q01","US25_CT_R3","US25","CT","3","1","1","[NEEDS CLARIFICATION] When no eligible local news events exist, should the system return broader/general recommendations, or should it state that no local recommendations are available without widening the region?","","","","","",""
"US25_CT_R3_Q02","US25_CT_R3","US25","CT","3","1","2","[NEEDS CLARIFICATION] Is the user’s area strictly the municipality stored in the profile service, or must users also be able to confirm/change the area within the recommendation experience?","","","","","",""
"US25_CT_R3_Q03","US25_CT_R3","US25","CT","3","1","3","[NEEDS CLARIFICATION] Should recommendable content be limited to items directly associated with eligible news events, or may it include broader topical/regional content related to those events?","","","","","",""
