run_id,user_story_id,condition,repetition,gap_id,importance,gap_category,gap_state,recognized,question_count_for_gap
US02_C0_R1,US02,C0,1,G01,Necessária,Léxica,OPEN,0,0
US02_C0_R1,US02,C0,1,G02,Necessária,Operacional,OPEN,0,0
US02_C0_R1,US02,C0,1,G03,Necessária,Operacional,OPEN,1,1
US02_C0_R1,US02,C0,1,G04,Necessária,Operacional,OPEN,0,0
US02_C0_R1,US02,C0,1,G05,Necessária,Operacional,OPEN,0,0
US02_C0_R1,US02,C0,1,G06,Necessária,Operacional,OPEN,1,2
US02_C0_R1,US02,C0,1,G07,Complementar,Operacional,OPEN,0,0
US02_C0_R1,US02,C0,1,G08,Necessária,Sistêmica,OPEN,0,0
US02_C0_R1,US02,C0,1,G09,Necessária,Sistêmica,OPEN,1,1
US02_C0_R1,US02,C0,1,G10,Complementar,Decisória,OPEN,0,0
US02_C0_R1,US02,C0,1,G11,Necessária,Operacional,OPEN,0,0
US02_C0_R2,US02,C0,2,G01,Necessária,Léxica,OPEN,0,0
US02_C0_R2,US02,C0,2,G02,Necessária,Operacional,OPEN,0,0
US02_C0_R2,US02,C0,2,G03,Necessária,Operacional,OPEN,1,1
US02_C0_R2,US02,C0,2,G04,Necessária,Operacional,OPEN,0,0
US02_C0_R2,US02,C0,2,G05,Necessária,Operacional,OPEN,0,0
US02_C0_R2,US02,C0,2,G06,Necessária,Operacional,OPEN,1,1
US02_C0_R2,US02,C0,2,G07,Complementar,Operacional,OPEN,0,0
US02_C0_R2,US02,C0,2,G08,Necessária,Sistêmica,OPEN,0,0
US02_C0_R2,US02,C0,2,G09,Necessária,Sistêmica,OPEN,1,1
US02_C0_R2,US02,C0,2,G10,Complementar,Decisória,OPEN,0,0
US02_C0_R2,US02,C0,2,G11,Necessária,Operacional,OPEN,0,0
US02_C0_R3,US02,C0,3,G01,Necessária,Léxica,OPEN,0,0
US02_C0_R3,US02,C0,3,G02,Necessária,Operacional,OPEN,1,1
US02_C0_R3,US02,C0,3,G03,Necessária,Operacional,OPEN,1,1
US02_C0_R3,US02,C0,3,G04,Necessária,Operacional,OPEN,0,0
US02_C0_R3,US02,C0,3,G05,Necessária,Operacional,OPEN,0,0
US02_C0_R3,US02,C0,3,G06,Necessária,Operacional,OPEN,1,1
US02_C0_R3,US02,C0,3,G07,Complementar,Operacional,OPEN,0,0
US02_C0_R3,US02,C0,3,G08,Necessária,Sistêmica,OPEN,0,0
US02_C0_R3,US02,C0,3,G09,Necessária,Sistêmica,OPEN,1,1
US02_C0_R3,US02,C0,3,G10,Complementar,Decisória,OPEN,0,0
US02_C0_R3,US02,C0,3,G11,Necessária,Operacional,OPEN,0,0
US02_CD_R1,US02,CD,1,G01,Necessária,Léxica,OPEN,0,0
US02_CD_R1,US02,CD,1,G02,Necessária,Operacional,OPEN,0,0
US02_CD_R1,US02,CD,1,G03,Necessária,Operacional,OPEN,1,1
US02_CD_R1,US02,CD,1,G04,Necessária,Operacional,OPEN,0,0
US02_CD_R1,US02,CD,1,G05,Necessária,Operacional,OPEN,0,0
US02_CD_R1,US02,CD,1,G06,Necessária,Operacional,OPEN,1,1
US02_CD_R1,US02,CD,1,G07,Complementar,Operacional,OPEN,0,0
US02_CD_R1,US02,CD,1,G08,Necessária,Sistêmica,OPEN,0,0
US02_CD_R1,US02,CD,1,G09,Necessária,Sistêmica,OPEN,0,0
US02_CD_R1,US02,CD,1,G10,Complementar,Decisória,ANSWERED,0,0
US02_CD_R1,US02,CD,1,G11,Necessária,Operacional,OPEN,0,0
US02_CD_R2,US02,CD,2,G01,Necessária,Léxica,OPEN,0,0
US02_CD_R2,US02,CD,2,G02,Necessária,Operacional,OPEN,0,0
US02_CD_R2,US02,CD,2,G03,Necessária,Operacional,OPEN,1,1
US02_CD_R2,US02,CD,2,G04,Necessária,Operacional,OPEN,0,0
US02_CD_R2,US02,CD,2,G05,Necessária,Operacional,OPEN,0,0
US02_CD_R2,US02,CD,2,G06,Necessária,Operacional,OPEN,1,1
US02_CD_R2,US02,CD,2,G07,Complementar,Operacional,OPEN,0,0
US02_CD_R2,US02,CD,2,G08,Necessária,Sistêmica,OPEN,0,0
US02_CD_R2,US02,CD,2,G09,Necessária,Sistêmica,OPEN,1,1
US02_CD_R2,US02,CD,2,G10,Complementar,Decisória,ANSWERED,0,0
US02_CD_R2,US02,CD,2,G11,Necessária,Operacional,OPEN,0,0
US02_CD_R3,US02,CD,3,G01,Necessária,Léxica,OPEN,0,0
US02_CD_R3,US02,CD,3,G02,Necessária,Operacional,OPEN,1,1
US02_CD_R3,US02,CD,3,G03,Necessária,Operacional,OPEN,1,1
US02_CD_R3,US02,CD,3,G04,Necessária,Operacional,OPEN,0,0
US02_CD_R3,US02,CD,3,G05,Necessária,Operacional,OPEN,0,0
US02_CD_R3,US02,CD,3,G06,Necessária,Operacional,OPEN,1,1
US02_CD_R3,US02,CD,3,G07,Complementar,Operacional,OPEN,0,0
US02_CD_R3,US02,CD,3,G08,Necessária,Sistêmica,OPEN,0,0
US02_CD_R3,US02,CD,3,G09,Necessária,Sistêmica,OPEN,1,1
US02_CD_R3,US02,CD,3,G10,Complementar,Decisória,ANSWERED,0,0
US02_CD_R3,US02,CD,3,G11,Necessária,Operacional,OPEN,0,0
US02_CL_R1,US02,CL,1,G01,Necessária,Léxica,ANSWERED,0,0
US02_CL_R1,US02,CL,1,G02,Necessária,Operacional,OPEN,0,0
US02_CL_R1,US02,CL,1,G03,Necessária,Operacional,OPEN,1,1
US02_CL_R1,US02,CL,1,G04,Necessária,Operacional,OPEN,0,0
US02_CL_R1,US02,CL,1,G05,Necessária,Operacional,OPEN,1,1
US02_CL_R1,US02,CL,1,G06,Necessária,Operacional,OPEN,1,1
US02_CL_R1,US02,CL,1,G07,Complementar,Operacional,OPEN,0,0
US02_CL_R1,US02,CL,1,G08,Necessária,Sistêmica,OPEN,0,0
US02_CL_R1,US02,CL,1,G09,Necessária,Sistêmica,OPEN,1,1
US02_CL_R1,US02,CL,1,G10,Complementar,Decisória,OPEN,0,0
US02_CL_R1,US02,CL,1,G11,Necessária,Operacional,OPEN,0,0
US02_CL_R2,US02,CL,2,G01,Necessária,Léxica,ANSWERED,0,0
US02_CL_R2,US02,CL,2,G02,Necessária,Operacional,OPEN,1,1
US02_CL_R2,US02,CL,2,G03,Necessária,Operacional,OPEN,1,1
US02_CL_R2,US02,CL,2,G04,Necessária,Operacional,OPEN,0,0
US02_CL_R2,US02,CL,2,G05,Necessária,Operacional,OPEN,0,0
US02_CL_R2,US02,CL,2,G06,Necessária,Operacional,OPEN,1,1
US02_CL_R2,US02,CL,2,G07,Complementar,Operacional,OPEN,1,1
US02_CL_R2,US02,CL,2,G08,Necessária,Sistêmica,OPEN,0,0
US02_CL_R2,US02,CL,2,G09,Necessária,Sistêmica,OPEN,1,1
US02_CL_R2,US02,CL,2,G10,Complementar,Decisória,OPEN,0,0
US02_CL_R2,US02,CL,2,G11,Necessária,Operacional,OPEN,0,0
US02_CL_R3,US02,CL,3,G01,Necessária,Léxica,ANSWERED,0,0
US02_CL_R3,US02,CL,3,G02,Necessária,Operacional,OPEN,0,0
US02_CL_R3,US02,CL,3,G03,Necessária,Operacional,OPEN,1,1
US02_CL_R3,US02,CL,3,G04,Necessária,Operacional,OPEN,0,0
US02_CL_R3,US02,CL,3,G05,Necessária,Operacional,OPEN,1,2
US02_CL_R3,US02,CL,3,G06,Necessária,Operacional,OPEN,1,2
US02_CL_R3,US02,CL,3,G07,Complementar,Operacional,OPEN,0,0
US02_CL_R3,US02,CL,3,G08,Necessária,Sistêmica,OPEN,0,0
US02_CL_R3,US02,CL,3,G09,Necessária,Sistêmica,OPEN,0,0
US02_CL_R3,US02,CL,3,G10,Complementar,Decisória,OPEN,0,0
US02_CL_R3,US02,CL,3,G11,Necessária,Operacional,OPEN,0,0
US02_CO_R1,US02,CO,1,G01,Necessária,Léxica,OPEN,0,0
US02_CO_R1,US02,CO,1,G02,Necessária,Operacional,ANSWERED,0,0
US02_CO_R1,US02,CO,1,G03,Necessária,Operacional,ANSWERED,1,2
US02_CO_R1,US02,CO,1,G04,Necessária,Operacional,ANSWERED,1,1
US02_CO_R1,US02,CO,1,G05,Necessária,Operacional,ANSWERED,1,1
US02_CO_R1,US02,CO,1,G06,Necessária,Operacional,ANSWERED,1,1
US02_CO_R1,US02,CO,1,G07,Complementar,Operacional,ANSWERED,0,0
US02_CO_R1,US02,CO,1,G08,Necessária,Sistêmica,OPEN,0,0
US02_CO_R1,US02,CO,1,G09,Necessária,Sistêmica,OPEN,0,0
US02_CO_R1,US02,CO,1,G10,Complementar,Decisória,OPEN,0,0
US02_CO_R1,US02,CO,1,G11,Necessária,Operacional,ANSWERED,0,0
US02_CO_R2,US02,CO,2,G01,Necessária,Léxica,OPEN,0,0
US02_CO_R2,US02,CO,2,G02,Necessária,Operacional,ANSWERED,1,1
US02_CO_R2,US02,CO,2,G03,Necessária,Operacional,ANSWERED,1,1
US02_CO_R2,US02,CO,2,G04,Necessária,Operacional,ANSWERED,1,1
US02_CO_R2,US02,CO,2,G05,Necessária,Operacional,ANSWERED,1,1
US02_CO_R2,US02,CO,2,G06,Necessária,Operacional,ANSWERED,1,1
US02_CO_R2,US02,CO,2,G07,Complementar,Operacional,ANSWERED,0,0
US02_CO_R2,US02,CO,2,G08,Necessária,Sistêmica,OPEN,0,0
US02_CO_R2,US02,CO,2,G09,Necessária,Sistêmica,OPEN,0,0
US02_CO_R2,US02,CO,2,G10,Complementar,Decisória,OPEN,0,0
US02_CO_R2,US02,CO,2,G11,Necessária,Operacional,ANSWERED,0,0
US02_CO_R3,US02,CO,3,G01,Necessária,Léxica,OPEN,0,0
US02_CO_R3,US02,CO,3,G02,Necessária,Operacional,ANSWERED,0,0
US02_CO_R3,US02,CO,3,G03,Necessária,Operacional,ANSWERED,1,1
US02_CO_R3,US02,CO,3,G04,Necessária,Operacional,ANSWERED,1,1
US02_CO_R3,US02,CO,3,G05,Necessária,Operacional,ANSWERED,1,1
US02_CO_R3,US02,CO,3,G06,Necessária,Operacional,ANSWERED,1,1
US02_CO_R3,US02,CO,3,G07,Complementar,Operacional,ANSWERED,0,0
US02_CO_R3,US02,CO,3,G08,Necessária,Sistêmica,OPEN,0,0
US02_CO_R3,US02,CO,3,G09,Necessária,Sistêmica,OPEN,0,0
US02_CO_R3,US02,CO,3,G10,Complementar,Decisória,OPEN,0,0
US02_CO_R3,US02,CO,3,G11,Necessária,Operacional,ANSWERED,0,0
US02_CS_R1,US02,CS,1,G01,Necessária,Léxica,OPEN,0,0
US02_CS_R1,US02,CS,1,G02,Necessária,Operacional,OPEN,1,1
US02_CS_R1,US02,CS,1,G03,Necessária,Operacional,OPEN,1,1
US02_CS_R1,US02,CS,1,G04,Necessária,Operacional,OPEN,0,0
US02_CS_R1,US02,CS,1,G05,Necessária,Operacional,OPEN,1,1
US02_CS_R1,US02,CS,1,G06,Necessária,Operacional,OPEN,1,1
US02_CS_R1,US02,CS,1,G07,Complementar,Operacional,OPEN,0,0
US02_CS_R1,US02,CS,1,G08,Necessária,Sistêmica,ANSWERED,0,0
US02_CS_R1,US02,CS,1,G09,Necessária,Sistêmica,ANSWERED,0,0
US02_CS_R1,US02,CS,1,G10,Complementar,Decisória,OPEN,0,0
US02_CS_R1,US02,CS,1,G11,Necessária,Operacional,OPEN,0,0
US02_CS_R2,US02,CS,2,G01,Necessária,Léxica,OPEN,0,0
US02_CS_R2,US02,CS,2,G02,Necessária,Operacional,OPEN,1,1
US02_CS_R2,US02,CS,2,G03,Necessária,Operacional,OPEN,1,1
US02_CS_R2,US02,CS,2,G04,Necessária,Operacional,OPEN,0,0
US02_CS_R2,US02,CS,2,G05,Necessária,Operacional,OPEN,1,1
US02_CS_R2,US02,CS,2,G06,Necessária,Operacional,OPEN,1,1
US02_CS_R2,US02,CS,2,G07,Complementar,Operacional,OPEN,0,0
US02_CS_R2,US02,CS,2,G08,Necessária,Sistêmica,ANSWERED,0,0
US02_CS_R2,US02,CS,2,G09,Necessária,Sistêmica,ANSWERED,0,0
US02_CS_R2,US02,CS,2,G10,Complementar,Decisória,OPEN,0,0
US02_CS_R2,US02,CS,2,G11,Necessária,Operacional,OPEN,0,0
US02_CS_R3,US02,CS,3,G01,Necessária,Léxica,OPEN,0,0
US02_CS_R3,US02,CS,3,G02,Necessária,Operacional,OPEN,0,0
US02_CS_R3,US02,CS,3,G03,Necessária,Operacional,OPEN,1,1
US02_CS_R3,US02,CS,3,G04,Necessária,Operacional,OPEN,0,0
US02_CS_R3,US02,CS,3,G05,Necessária,Operacional,OPEN,0,0
US02_CS_R3,US02,CS,3,G06,Necessária,Operacional,OPEN,1,1
US02_CS_R3,US02,CS,3,G07,Complementar,Operacional,OPEN,0,0
US02_CS_R3,US02,CS,3,G08,Necessária,Sistêmica,ANSWERED,0,0
US02_CS_R3,US02,CS,3,G09,Necessária,Sistêmica,ANSWERED,0,0
US02_CS_R3,US02,CS,3,G10,Complementar,Decisória,OPEN,0,0
US02_CS_R3,US02,CS,3,G11,Necessária,Operacional,OPEN,0,0
US02_CT_R1,US02,CT,1,G01,Necessária,Léxica,ANSWERED,0,0
US02_CT_R1,US02,CT,1,G02,Necessária,Operacional,ANSWERED,1,1
US02_CT_R1,US02,CT,1,G03,Necessária,Operacional,ANSWERED,1,2
US02_CT_R1,US02,CT,1,G04,Necessária,Operacional,ANSWERED,1,1
US02_CT_R1,US02,CT,1,G05,Necessária,Operacional,ANSWERED,1,1
US02_CT_R1,US02,CT,1,G06,Necessária,Operacional,ANSWERED,1,1
US02_CT_R1,US02,CT,1,G07,Complementar,Operacional,ANSWERED,0,0
US02_CT_R1,US02,CT,1,G08,Necessária,Sistêmica,ANSWERED,1,1
US02_CT_R1,US02,CT,1,G09,Necessária,Sistêmica,ANSWERED,0,0
US02_CT_R1,US02,CT,1,G10,Complementar,Decisória,ANSWERED,0,0
US02_CT_R1,US02,CT,1,G11,Necessária,Operacional,ANSWERED,0,0
US02_CT_R2,US02,CT,2,G01,Necessária,Léxica,ANSWERED,0,0
US02_CT_R2,US02,CT,2,G02,Necessária,Operacional,ANSWERED,1,1
US02_CT_R2,US02,CT,2,G03,Necessária,Operacional,ANSWERED,1,1
US02_CT_R2,US02,CT,2,G04,Necessária,Operacional,ANSWERED,1,1
US02_CT_R2,US02,CT,2,G05,Necessária,Operacional,ANSWERED,1,1
US02_CT_R2,US02,CT,2,G06,Necessária,Operacional,ANSWERED,0,0
US02_CT_R2,US02,CT,2,G07,Complementar,Operacional,ANSWERED,0,0
US02_CT_R2,US02,CT,2,G08,Necessária,Sistêmica,ANSWERED,0,0
US02_CT_R2,US02,CT,2,G09,Necessária,Sistêmica,ANSWERED,0,0
US02_CT_R2,US02,CT,2,G10,Complementar,Decisória,ANSWERED,0,0
US02_CT_R2,US02,CT,2,G11,Necessária,Operacional,ANSWERED,0,0
US02_CT_R3,US02,CT,3,G01,Necessária,Léxica,ANSWERED,0,0
US02_CT_R3,US02,CT,3,G02,Necessária,Operacional,ANSWERED,0,0
US02_CT_R3,US02,CT,3,G03,Necessária,Operacional,ANSWERED,0,0
US02_CT_R3,US02,CT,3,G04,Necessária,Operacional,ANSWERED,0,0
US02_CT_R3,US02,CT,3,G05,Necessária,Operacional,ANSWERED,0,0
US02_CT_R3,US02,CT,3,G06,Necessária,Operacional,ANSWERED,0,0
US02_CT_R3,US02,CT,3,G07,Complementar,Operacional,ANSWERED,0,0
US02_CT_R3,US02,CT,3,G08,Necessária,Sistêmica,ANSWERED,0,0
US02_CT_R3,US02,CT,3,G09,Necessária,Sistêmica,ANSWERED,0,0
US02_CT_R3,US02,CT,3,G10,Complementar,Decisória,ANSWERED,0,0
US02_CT_R3,US02,CT,3,G11,Necessária,Operacional,ANSWERED,0,0
US08_C0_R1,US08,C0,1,G01,Necessária,Léxica,OPEN,0,0
US08_C0_R1,US08,C0,1,G02,Necessária,Operacional,OPEN,1,1
US08_C0_R1,US08,C0,1,G03,Necessária,Operacional,OPEN,0,0
US08_C0_R1,US08,C0,1,G04,Necessária,Operacional,OPEN,0,0
US08_C0_R1,US08,C0,1,G05,Necessária,Operacional,OPEN,1,1
US08_C0_R1,US08,C0,1,G06,Necessária,Operacional,OPEN,0,0
US08_C0_R1,US08,C0,1,G07,Necessária,Operacional,OPEN,0,0
US08_C0_R1,US08,C0,1,G08,Necessária,Sistêmica,OPEN,0,0
US08_C0_R1,US08,C0,1,G09,Necessária,Sistêmica,OPEN,0,0
US08_C0_R1,US08,C0,1,G10,Complementar,Decisória,OPEN,0,0
US08_C0_R2,US08,C0,2,G01,Necessária,Léxica,OPEN,0,0
US08_C0_R2,US08,C0,2,G02,Necessária,Operacional,OPEN,1,1
US08_C0_R2,US08,C0,2,G03,Necessária,Operacional,OPEN,0,0
US08_C0_R2,US08,C0,2,G04,Necessária,Operacional,OPEN,0,0
US08_C0_R2,US08,C0,2,G05,Necessária,Operacional,OPEN,0,0
US08_C0_R2,US08,C0,2,G06,Necessária,Operacional,OPEN,0,0
US08_C0_R2,US08,C0,2,G07,Necessária,Operacional,OPEN,0,0
US08_C0_R2,US08,C0,2,G08,Necessária,Sistêmica,OPEN,0,0
US08_C0_R2,US08,C0,2,G09,Necessária,Sistêmica,OPEN,0,0
US08_C0_R2,US08,C0,2,G10,Complementar,Decisória,OPEN,0,0
US08_C0_R3,US08,C0,3,G01,Necessária,Léxica,OPEN,1,1
US08_C0_R3,US08,C0,3,G02,Necessária,Operacional,OPEN,1,1
US08_C0_R3,US08,C0,3,G03,Necessária,Operacional,OPEN,1,1
US08_C0_R3,US08,C0,3,G04,Necessária,Operacional,OPEN,0,0
US08_C0_R3,US08,C0,3,G05,Necessária,Operacional,OPEN,0,0
US08_C0_R3,US08,C0,3,G06,Necessária,Operacional,OPEN,0,0
US08_C0_R3,US08,C0,3,G07,Necessária,Operacional,OPEN,0,0
US08_C0_R3,US08,C0,3,G08,Necessária,Sistêmica,OPEN,0,0
US08_C0_R3,US08,C0,3,G09,Necessária,Sistêmica,OPEN,0,0
US08_C0_R3,US08,C0,3,G10,Complementar,Decisória,OPEN,0,0
US08_CD_R1,US08,CD,1,G01,Necessária,Léxica,OPEN,0,0
US08_CD_R1,US08,CD,1,G02,Necessária,Operacional,OPEN,0,0
US08_CD_R1,US08,CD,1,G03,Necessária,Operacional,OPEN,1,1
US08_CD_R1,US08,CD,1,G04,Necessária,Operacional,OPEN,0,0
US08_CD_R1,US08,CD,1,G05,Necessária,Operacional,OPEN,0,0
US08_CD_R1,US08,CD,1,G06,Necessária,Operacional,OPEN,0,0
US08_CD_R1,US08,CD,1,G07,Necessária,Operacional,OPEN,0,0
US08_CD_R1,US08,CD,1,G08,Necessária,Sistêmica,OPEN,0,0
US08_CD_R1,US08,CD,1,G09,Necessária,Sistêmica,OPEN,0,0
US08_CD_R1,US08,CD,1,G10,Complementar,Decisória,ANSWERED,0,0
US08_CD_R2,US08,CD,2,G01,Necessária,Léxica,OPEN,0,0
US08_CD_R2,US08,CD,2,G02,Necessária,Operacional,OPEN,1,1
US08_CD_R2,US08,CD,2,G03,Necessária,Operacional,OPEN,0,0
US08_CD_R2,US08,CD,2,G04,Necessária,Operacional,OPEN,1,1
US08_CD_R2,US08,CD,2,G05,Necessária,Operacional,OPEN,0,0
US08_CD_R2,US08,CD,2,G06,Necessária,Operacional,OPEN,0,0
US08_CD_R2,US08,CD,2,G07,Necessária,Operacional,OPEN,0,0
US08_CD_R2,US08,CD,2,G08,Necessária,Sistêmica,OPEN,0,0
US08_CD_R2,US08,CD,2,G09,Necessária,Sistêmica,OPEN,0,0
US08_CD_R2,US08,CD,2,G10,Complementar,Decisória,ANSWERED,0,0
US08_CD_R3,US08,CD,3,G01,Necessária,Léxica,OPEN,0,0
US08_CD_R3,US08,CD,3,G02,Necessária,Operacional,OPEN,0,0
US08_CD_R3,US08,CD,3,G03,Necessária,Operacional,OPEN,0,0
US08_CD_R3,US08,CD,3,G04,Necessária,Operacional,OPEN,0,0
US08_CD_R3,US08,CD,3,G05,Necessária,Operacional,OPEN,1,1
US08_CD_R3,US08,CD,3,G06,Necessária,Operacional,OPEN,0,0
US08_CD_R3,US08,CD,3,G07,Necessária,Operacional,OPEN,0,0
US08_CD_R3,US08,CD,3,G08,Necessária,Sistêmica,OPEN,0,0
US08_CD_R3,US08,CD,3,G09,Necessária,Sistêmica,OPEN,0,0
US08_CD_R3,US08,CD,3,G10,Complementar,Decisória,ANSWERED,0,0
US08_CL_R1,US08,CL,1,G01,Necessária,Léxica,ANSWERED,1,1
US08_CL_R1,US08,CL,1,G02,Necessária,Operacional,OPEN,1,1
US08_CL_R1,US08,CL,1,G03,Necessária,Operacional,OPEN,1,1
US08_CL_R1,US08,CL,1,G04,Necessária,Operacional,OPEN,0,0
US08_CL_R1,US08,CL,1,G05,Necessária,Operacional,OPEN,0,0
US08_CL_R1,US08,CL,1,G06,Necessária,Operacional,OPEN,0,0
US08_CL_R1,US08,CL,1,G07,Necessária,Operacional,OPEN,1,1
US08_CL_R1,US08,CL,1,G08,Necessária,Sistêmica,OPEN,0,0
US08_CL_R1,US08,CL,1,G09,Necessária,Sistêmica,OPEN,0,0
US08_CL_R1,US08,CL,1,G10,Complementar,Decisória,OPEN,0,0
US08_CL_R2,US08,CL,2,G01,Necessária,Léxica,ANSWERED,0,0
US08_CL_R2,US08,CL,2,G02,Necessária,Operacional,OPEN,0,0
US08_CL_R2,US08,CL,2,G03,Necessária,Operacional,OPEN,1,1
US08_CL_R2,US08,CL,2,G04,Necessária,Operacional,OPEN,1,1
US08_CL_R2,US08,CL,2,G05,Necessária,Operacional,OPEN,0,0
US08_CL_R2,US08,CL,2,G06,Necessária,Operacional,OPEN,0,0
US08_CL_R2,US08,CL,2,G07,Necessária,Operacional,OPEN,0,0
US08_CL_R2,US08,CL,2,G08,Necessária,Sistêmica,OPEN,0,0
US08_CL_R2,US08,CL,2,G09,Necessária,Sistêmica,OPEN,0,0
US08_CL_R2,US08,CL,2,G10,Complementar,Decisória,OPEN,0,0
US08_CL_R3,US08,CL,3,G01,Necessária,Léxica,ANSWERED,0,0
US08_CL_R3,US08,CL,3,G02,Necessária,Operacional,OPEN,1,1
US08_CL_R3,US08,CL,3,G03,Necessária,Operacional,OPEN,1,1
US08_CL_R3,US08,CL,3,G04,Necessária,Operacional,OPEN,0,0
US08_CL_R3,US08,CL,3,G05,Necessária,Operacional,OPEN,0,0
US08_CL_R3,US08,CL,3,G06,Necessária,Operacional,OPEN,0,0
US08_CL_R3,US08,CL,3,G07,Necessária,Operacional,OPEN,0,0
US08_CL_R3,US08,CL,3,G08,Necessária,Sistêmica,OPEN,0,0
US08_CL_R3,US08,CL,3,G09,Necessária,Sistêmica,OPEN,0,0
US08_CL_R3,US08,CL,3,G10,Complementar,Decisória,OPEN,0,0
US08_CO_R1,US08,CO,1,G01,Necessária,Léxica,OPEN,0,0
US08_CO_R1,US08,CO,1,G02,Necessária,Operacional,ANSWERED,0,0
US08_CO_R1,US08,CO,1,G03,Necessária,Operacional,ANSWERED,0,0
US08_CO_R1,US08,CO,1,G04,Necessária,Operacional,ANSWERED,0,0
US08_CO_R1,US08,CO,1,G05,Necessária,Operacional,ANSWERED,0,0
US08_CO_R1,US08,CO,1,G06,Necessária,Operacional,ANSWERED,0,0
US08_CO_R1,US08,CO,1,G07,Necessária,Operacional,ANSWERED,0,0
US08_CO_R1,US08,CO,1,G08,Necessária,Sistêmica,OPEN,0,0
US08_CO_R1,US08,CO,1,G09,Necessária,Sistêmica,OPEN,0,0
US08_CO_R1,US08,CO,1,G10,Complementar,Decisória,OPEN,0,0
US08_CO_R2,US08,CO,2,G01,Necessária,Léxica,OPEN,0,0
US08_CO_R2,US08,CO,2,G02,Necessária,Operacional,ANSWERED,1,1
US08_CO_R2,US08,CO,2,G03,Necessária,Operacional,ANSWERED,0,0
US08_CO_R2,US08,CO,2,G04,Necessária,Operacional,ANSWERED,0,0
US08_CO_R2,US08,CO,2,G05,Necessária,Operacional,ANSWERED,0,0
US08_CO_R2,US08,CO,2,G06,Necessária,Operacional,ANSWERED,0,0
US08_CO_R2,US08,CO,2,G07,Necessária,Operacional,ANSWERED,0,0
US08_CO_R2,US08,CO,2,G08,Necessária,Sistêmica,OPEN,0,0
US08_CO_R2,US08,CO,2,G09,Necessária,Sistêmica,OPEN,0,0
US08_CO_R2,US08,CO,2,G10,Complementar,Decisória,OPEN,0,0
US08_CO_R3,US08,CO,3,G01,Necessária,Léxica,OPEN,0,0
US08_CO_R3,US08,CO,3,G02,Necessária,Operacional,ANSWERED,1,1
US08_CO_R3,US08,CO,3,G03,Necessária,Operacional,ANSWERED,1,1
US08_CO_R3,US08,CO,3,G04,Necessária,Operacional,ANSWERED,1,1
US08_CO_R3,US08,CO,3,G05,Necessária,Operacional,ANSWERED,0,0
US08_CO_R3,US08,CO,3,G06,Necessária,Operacional,ANSWERED,0,0
US08_CO_R3,US08,CO,3,G07,Necessária,Operacional,ANSWERED,0,0
US08_CO_R3,US08,CO,3,G08,Necessária,Sistêmica,OPEN,0,0
US08_CO_R3,US08,CO,3,G09,Necessária,Sistêmica,OPEN,0,0
US08_CO_R3,US08,CO,3,G10,Complementar,Decisória,OPEN,0,0
US08_CS_R1,US08,CS,1,G01,Necessária,Léxica,OPEN,0,0
US08_CS_R1,US08,CS,1,G02,Necessária,Operacional,OPEN,1,1
US08_CS_R1,US08,CS,1,G03,Necessária,Operacional,OPEN,0,0
US08_CS_R1,US08,CS,1,G04,Necessária,Operacional,OPEN,0,0
US08_CS_R1,US08,CS,1,G05,Necessária,Operacional,OPEN,0,0
US08_CS_R1,US08,CS,1,G06,Necessária,Operacional,OPEN,0,0
US08_CS_R1,US08,CS,1,G07,Necessária,Operacional,OPEN,0,0
US08_CS_R1,US08,CS,1,G08,Necessária,Sistêmica,ANSWERED,0,0
US08_CS_R1,US08,CS,1,G09,Necessária,Sistêmica,ANSWERED,0,0
US08_CS_R1,US08,CS,1,G10,Complementar,Decisória,OPEN,0,0
US08_CS_R2,US08,CS,2,G01,Necessária,Léxica,OPEN,0,0
US08_CS_R2,US08,CS,2,G02,Necessária,Operacional,OPEN,1,1
US08_CS_R2,US08,CS,2,G03,Necessária,Operacional,OPEN,0,0
US08_CS_R2,US08,CS,2,G04,Necessária,Operacional,OPEN,0,0
US08_CS_R2,US08,CS,2,G05,Necessária,Operacional,OPEN,0,0
US08_CS_R2,US08,CS,2,G06,Necessária,Operacional,OPEN,1,1
US08_CS_R2,US08,CS,2,G07,Necessária,Operacional,OPEN,0,0
US08_CS_R2,US08,CS,2,G08,Necessária,Sistêmica,ANSWERED,0,0
US08_CS_R2,US08,CS,2,G09,Necessária,Sistêmica,ANSWERED,0,0
US08_CS_R2,US08,CS,2,G10,Complementar,Decisória,OPEN,0,0
US08_CS_R3,US08,CS,3,G01,Necessária,Léxica,OPEN,0,0
US08_CS_R3,US08,CS,3,G02,Necessária,Operacional,OPEN,1,1
US08_CS_R3,US08,CS,3,G03,Necessária,Operacional,OPEN,0,0
US08_CS_R3,US08,CS,3,G04,Necessária,Operacional,OPEN,0,0
US08_CS_R3,US08,CS,3,G05,Necessária,Operacional,OPEN,0,0
US08_CS_R3,US08,CS,3,G06,Necessária,Operacional,OPEN,1,1
US08_CS_R3,US08,CS,3,G07,Necessária,Operacional,OPEN,0,0
US08_CS_R3,US08,CS,3,G08,Necessária,Sistêmica,ANSWERED,0,0
US08_CS_R3,US08,CS,3,G09,Necessária,Sistêmica,ANSWERED,0,0
US08_CS_R3,US08,CS,3,G10,Complementar,Decisória,OPEN,0,0
US08_CT_R1,US08,CT,1,G01,Necessária,Léxica,ANSWERED,0,0
US08_CT_R1,US08,CT,1,G02,Necessária,Operacional,ANSWERED,1,1
US08_CT_R1,US08,CT,1,G03,Necessária,Operacional,ANSWERED,0,0
US08_CT_R1,US08,CT,1,G04,Necessária,Operacional,ANSWERED,0,0
US08_CT_R1,US08,CT,1,G05,Necessária,Operacional,ANSWERED,0,0
US08_CT_R1,US08,CT,1,G06,Necessária,Operacional,ANSWERED,1,1
US08_CT_R1,US08,CT,1,G07,Necessária,Operacional,ANSWERED,0,0
US08_CT_R1,US08,CT,1,G08,Necessária,Sistêmica,ANSWERED,0,0
US08_CT_R1,US08,CT,1,G09,Necessária,Sistêmica,ANSWERED,0,0
US08_CT_R1,US08,CT,1,G10,Complementar,Decisória,ANSWERED,0,0
US08_CT_R2,US08,CT,2,G01,Necessária,Léxica,ANSWERED,0,0
US08_CT_R2,US08,CT,2,G02,Necessária,Operacional,ANSWERED,1,1
US08_CT_R2,US08,CT,2,G03,Necessária,Operacional,ANSWERED,0,0
US08_CT_R2,US08,CT,2,G04,Necessária,Operacional,ANSWERED,0,0
US08_CT_R2,US08,CT,2,G05,Necessária,Operacional,ANSWERED,0,0
US08_CT_R2,US08,CT,2,G06,Necessária,Operacional,ANSWERED,0,0
US08_CT_R2,US08,CT,2,G07,Necessária,Operacional,ANSWERED,0,0
US08_CT_R2,US08,CT,2,G08,Necessária,Sistêmica,ANSWERED,0,0
US08_CT_R2,US08,CT,2,G09,Necessária,Sistêmica,ANSWERED,0,0
US08_CT_R2,US08,CT,2,G10,Complementar,Decisória,ANSWERED,0,0
US08_CT_R3,US08,CT,3,G01,Necessária,Léxica,ANSWERED,0,0
US08_CT_R3,US08,CT,3,G02,Necessária,Operacional,ANSWERED,0,0
US08_CT_R3,US08,CT,3,G03,Necessária,Operacional,ANSWERED,0,0
US08_CT_R3,US08,CT,3,G04,Necessária,Operacional,ANSWERED,0,0
US08_CT_R3,US08,CT,3,G05,Necessária,Operacional,ANSWERED,0,0
US08_CT_R3,US08,CT,3,G06,Necessária,Operacional,ANSWERED,0,0
US08_CT_R3,US08,CT,3,G07,Necessária,Operacional,ANSWERED,1,1
US08_CT_R3,US08,CT,3,G08,Necessária,Sistêmica,ANSWERED,0,0
US08_CT_R3,US08,CT,3,G09,Necessária,Sistêmica,ANSWERED,0,0
US08_CT_R3,US08,CT,3,G10,Complementar,Decisória,ANSWERED,0,0
US18_C0_R1,US18,C0,1,G01,Necessária,Léxica,OPEN,0,0
US18_C0_R1,US18,C0,1,G02,Necessária,Léxica,OPEN,0,0
US18_C0_R1,US18,C0,1,G03,Necessária,Operacional,OPEN,1,1
US18_C0_R1,US18,C0,1,G04,Necessária,Operacional,OPEN,1,1
US18_C0_R1,US18,C0,1,G05,Necessária,Operacional,OPEN,1,1
US18_C0_R1,US18,C0,1,G06,Necessária,Operacional,OPEN,1,1
US18_C0_R1,US18,C0,1,G07,Necessária,Operacional,OPEN,1,1
US18_C0_R1,US18,C0,1,G08,Necessária,Sistêmica,OPEN,0,0
US18_C0_R1,US18,C0,1,G09,Necessária,Sistêmica,OPEN,0,0
US18_C0_R1,US18,C0,1,G10,Necessária,Decisória,OPEN,0,0
US18_C0_R2,US18,C0,2,G01,Necessária,Léxica,OPEN,0,0
US18_C0_R2,US18,C0,2,G02,Necessária,Léxica,OPEN,0,0
US18_C0_R2,US18,C0,2,G03,Necessária,Operacional,OPEN,1,1
US18_C0_R2,US18,C0,2,G04,Necessária,Operacional,OPEN,1,1
US18_C0_R2,US18,C0,2,G05,Necessária,Operacional,OPEN,1,1
US18_C0_R2,US18,C0,2,G06,Necessária,Operacional,OPEN,1,1
US18_C0_R2,US18,C0,2,G07,Necessária,Operacional,OPEN,1,1
US18_C0_R2,US18,C0,2,G08,Necessária,Sistêmica,OPEN,1,1
US18_C0_R2,US18,C0,2,G09,Necessária,Sistêmica,OPEN,0,0
US18_C0_R2,US18,C0,2,G10,Necessária,Decisória,OPEN,0,0
US18_C0_R3,US18,C0,3,G01,Necessária,Léxica,OPEN,0,0
US18_C0_R3,US18,C0,3,G02,Necessária,Léxica,OPEN,0,0
US18_C0_R3,US18,C0,3,G03,Necessária,Operacional,OPEN,1,1
US18_C0_R3,US18,C0,3,G04,Necessária,Operacional,OPEN,1,1
US18_C0_R3,US18,C0,3,G05,Necessária,Operacional,OPEN,1,1
US18_C0_R3,US18,C0,3,G06,Necessária,Operacional,OPEN,1,2
US18_C0_R3,US18,C0,3,G07,Necessária,Operacional,OPEN,1,1
US18_C0_R3,US18,C0,3,G08,Necessária,Sistêmica,OPEN,1,1
US18_C0_R3,US18,C0,3,G09,Necessária,Sistêmica,OPEN,0,0
US18_C0_R3,US18,C0,3,G10,Necessária,Decisória,OPEN,0,0
US18_CD_R1,US18,CD,1,G01,Necessária,Léxica,OPEN,0,0
US18_CD_R1,US18,CD,1,G02,Necessária,Léxica,OPEN,0,0
US18_CD_R1,US18,CD,1,G03,Necessária,Operacional,OPEN,1,1
US18_CD_R1,US18,CD,1,G04,Necessária,Operacional,OPEN,1,1
US18_CD_R1,US18,CD,1,G05,Necessária,Operacional,OPEN,0,0
US18_CD_R1,US18,CD,1,G06,Necessária,Operacional,OPEN,1,1
US18_CD_R1,US18,CD,1,G07,Necessária,Operacional,OPEN,0,0
US18_CD_R1,US18,CD,1,G08,Necessária,Sistêmica,OPEN,0,0
US18_CD_R1,US18,CD,1,G09,Necessária,Sistêmica,OPEN,0,0
US18_CD_R1,US18,CD,1,G10,Necessária,Decisória,ANSWERED,0,0
US18_CD_R2,US18,CD,2,G01,Necessária,Léxica,OPEN,0,0
US18_CD_R2,US18,CD,2,G02,Necessária,Léxica,OPEN,0,0
US18_CD_R2,US18,CD,2,G03,Necessária,Operacional,OPEN,0,0
US18_CD_R2,US18,CD,2,G04,Necessária,Operacional,OPEN,1,1
US18_CD_R2,US18,CD,2,G05,Necessária,Operacional,OPEN,0,0
US18_CD_R2,US18,CD,2,G06,Necessária,Operacional,OPEN,1,1
US18_CD_R2,US18,CD,2,G07,Necessária,Operacional,OPEN,0,0
US18_CD_R2,US18,CD,2,G08,Necessária,Sistêmica,OPEN,0,0
US18_CD_R2,US18,CD,2,G09,Necessária,Sistêmica,OPEN,0,0
US18_CD_R2,US18,CD,2,G10,Necessária,Decisória,ANSWERED,0,0
US18_CD_R3,US18,CD,3,G01,Necessária,Léxica,OPEN,0,0
US18_CD_R3,US18,CD,3,G02,Necessária,Léxica,OPEN,0,0
US18_CD_R3,US18,CD,3,G03,Necessária,Operacional,OPEN,0,0
US18_CD_R3,US18,CD,3,G04,Necessária,Operacional,OPEN,1,1
US18_CD_R3,US18,CD,3,G05,Necessária,Operacional,OPEN,0,0
US18_CD_R3,US18,CD,3,G06,Necessária,Operacional,OPEN,1,1
US18_CD_R3,US18,CD,3,G07,Necessária,Operacional,OPEN,1,1
US18_CD_R3,US18,CD,3,G08,Necessária,Sistêmica,OPEN,0,0
US18_CD_R3,US18,CD,3,G09,Necessária,Sistêmica,OPEN,0,0
US18_CD_R3,US18,CD,3,G10,Necessária,Decisória,ANSWERED,0,0
US18_CL_R1,US18,CL,1,G01,Necessária,Léxica,ANSWERED,0,0
US18_CL_R1,US18,CL,1,G02,Necessária,Léxica,ANSWERED,0,0
US18_CL_R1,US18,CL,1,G03,Necessária,Operacional,OPEN,0,0
US18_CL_R1,US18,CL,1,G04,Necessária,Operacional,OPEN,1,1
US18_CL_R1,US18,CL,1,G05,Necessária,Operacional,OPEN,0,0
US18_CL_R1,US18,CL,1,G06,Necessária,Operacional,OPEN,1,1
US18_CL_R1,US18,CL,1,G07,Necessária,Operacional,OPEN,0,0
US18_CL_R1,US18,CL,1,G08,Necessária,Sistêmica,OPEN,0,0
US18_CL_R1,US18,CL,1,G09,Necessária,Sistêmica,OPEN,0,0
US18_CL_R1,US18,CL,1,G10,Necessária,Decisória,OPEN,1,1
US18_CL_R2,US18,CL,2,G01,Necessária,Léxica,ANSWERED,0,0
US18_CL_R2,US18,CL,2,G02,Necessária,Léxica,ANSWERED,0,0
US18_CL_R2,US18,CL,2,G03,Necessária,Operacional,OPEN,1,1
US18_CL_R2,US18,CL,2,G04,Necessária,Operacional,OPEN,1,1
US18_CL_R2,US18,CL,2,G05,Necessária,Operacional,OPEN,0,0
US18_CL_R2,US18,CL,2,G06,Necessária,Operacional,OPEN,0,0
US18_CL_R2,US18,CL,2,G07,Necessária,Operacional,OPEN,0,0
US18_CL_R2,US18,CL,2,G08,Necessária,Sistêmica,OPEN,0,0
US18_CL_R2,US18,CL,2,G09,Necessária,Sistêmica,OPEN,0,0
US18_CL_R2,US18,CL,2,G10,Necessária,Decisória,OPEN,1,1
US18_CL_R3,US18,CL,3,G01,Necessária,Léxica,ANSWERED,0,0
US18_CL_R3,US18,CL,3,G02,Necessária,Léxica,ANSWERED,0,0
US18_CL_R3,US18,CL,3,G03,Necessária,Operacional,OPEN,0,0
US18_CL_R3,US18,CL,3,G04,Necessária,Operacional,OPEN,1,1
US18_CL_R3,US18,CL,3,G05,Necessária,Operacional,OPEN,1,1
US18_CL_R3,US18,CL,3,G06,Necessária,Operacional,OPEN,1,1
US18_CL_R3,US18,CL,3,G07,Necessária,Operacional,OPEN,0,0
US18_CL_R3,US18,CL,3,G08,Necessária,Sistêmica,OPEN,0,0
US18_CL_R3,US18,CL,3,G09,Necessária,Sistêmica,OPEN,0,0
US18_CL_R3,US18,CL,3,G10,Necessária,Decisória,OPEN,1,1
US18_CO_R1,US18,CO,1,G01,Necessária,Léxica,OPEN,0,0
US18_CO_R1,US18,CO,1,G02,Necessária,Léxica,OPEN,0,0
US18_CO_R1,US18,CO,1,G03,Necessária,Operacional,ANSWERED,1,1
US18_CO_R1,US18,CO,1,G04,Necessária,Operacional,ANSWERED,1,1
US18_CO_R1,US18,CO,1,G05,Necessária,Operacional,ANSWERED,0,0
US18_CO_R1,US18,CO,1,G06,Necessária,Operacional,ANSWERED,0,0
US18_CO_R1,US18,CO,1,G07,Necessária,Operacional,ANSWERED,1,1
US18_CO_R1,US18,CO,1,G08,Necessária,Sistêmica,OPEN,0,0
US18_CO_R1,US18,CO,1,G09,Necessária,Sistêmica,OPEN,0,0
US18_CO_R1,US18,CO,1,G10,Necessária,Decisória,OPEN,0,0
US18_CO_R2,US18,CO,2,G01,Necessária,Léxica,OPEN,0,0
US18_CO_R2,US18,CO,2,G02,Necessária,Léxica,OPEN,0,0
US18_CO_R2,US18,CO,2,G03,Necessária,Operacional,ANSWERED,0,0
US18_CO_R2,US18,CO,2,G04,Necessária,Operacional,ANSWERED,1,1
US18_CO_R2,US18,CO,2,G05,Necessária,Operacional,ANSWERED,1,1
US18_CO_R2,US18,CO,2,G06,Necessária,Operacional,ANSWERED,1,1
US18_CO_R2,US18,CO,2,G07,Necessária,Operacional,ANSWERED,1,1
US18_CO_R2,US18,CO,2,G08,Necessária,Sistêmica,OPEN,0,0
US18_CO_R2,US18,CO,2,G09,Necessária,Sistêmica,OPEN,0,0
US18_CO_R2,US18,CO,2,G10,Necessária,Decisória,OPEN,0,0
US18_CO_R3,US18,CO,3,G01,Necessária,Léxica,OPEN,0,0
US18_CO_R3,US18,CO,3,G02,Necessária,Léxica,OPEN,0,0
US18_CO_R3,US18,CO,3,G03,Necessária,Operacional,ANSWERED,0,0
US18_CO_R3,US18,CO,3,G04,Necessária,Operacional,ANSWERED,1,1
US18_CO_R3,US18,CO,3,G05,Necessária,Operacional,ANSWERED,0,0
US18_CO_R3,US18,CO,3,G06,Necessária,Operacional,ANSWERED,0,0
US18_CO_R3,US18,CO,3,G07,Necessária,Operacional,ANSWERED,1,1
US18_CO_R3,US18,CO,3,G08,Necessária,Sistêmica,OPEN,0,0
US18_CO_R3,US18,CO,3,G09,Necessária,Sistêmica,OPEN,0,0
US18_CO_R3,US18,CO,3,G10,Necessária,Decisória,OPEN,0,0
US18_CS_R1,US18,CS,1,G01,Necessária,Léxica,OPEN,0,0
US18_CS_R1,US18,CS,1,G02,Necessária,Léxica,OPEN,0,0
US18_CS_R1,US18,CS,1,G03,Necessária,Operacional,OPEN,1,1
US18_CS_R1,US18,CS,1,G04,Necessária,Operacional,OPEN,1,1
US18_CS_R1,US18,CS,1,G05,Necessária,Operacional,OPEN,0,0
US18_CS_R1,US18,CS,1,G06,Necessária,Operacional,OPEN,1,1
US18_CS_R1,US18,CS,1,G07,Necessária,Operacional,OPEN,0,0
US18_CS_R1,US18,CS,1,G08,Necessária,Sistêmica,ANSWERED,0,0
US18_CS_R1,US18,CS,1,G09,Necessária,Sistêmica,ANSWERED,0,0
US18_CS_R1,US18,CS,1,G10,Necessária,Decisória,OPEN,0,0
US18_CS_R2,US18,CS,2,G01,Necessária,Léxica,OPEN,0,0
US18_CS_R2,US18,CS,2,G02,Necessária,Léxica,OPEN,0,0
US18_CS_R2,US18,CS,2,G03,Necessária,Operacional,OPEN,0,0
US18_CS_R2,US18,CS,2,G04,Necessária,Operacional,OPEN,0,0
US18_CS_R2,US18,CS,2,G05,Necessária,Operacional,OPEN,0,0
US18_CS_R2,US18,CS,2,G06,Necessária,Operacional,OPEN,0,0
US18_CS_R2,US18,CS,2,G07,Necessária,Operacional,OPEN,0,0
US18_CS_R2,US18,CS,2,G08,Necessária,Sistêmica,ANSWERED,0,0
US18_CS_R2,US18,CS,2,G09,Necessária,Sistêmica,ANSWERED,0,0
US18_CS_R2,US18,CS,2,G10,Necessária,Decisória,OPEN,0,0
US18_CS_R3,US18,CS,3,G01,Necessária,Léxica,OPEN,0,0
US18_CS_R3,US18,CS,3,G02,Necessária,Léxica,OPEN,0,0
US18_CS_R3,US18,CS,3,G03,Necessária,Operacional,OPEN,1,1
US18_CS_R3,US18,CS,3,G04,Necessária,Operacional,OPEN,1,1
US18_CS_R3,US18,CS,3,G05,Necessária,Operacional,OPEN,0,0
US18_CS_R3,US18,CS,3,G06,Necessária,Operacional,OPEN,0,0
US18_CS_R3,US18,CS,3,G07,Necessária,Operacional,OPEN,0,0
US18_CS_R3,US18,CS,3,G08,Necessária,Sistêmica,ANSWERED,0,0
US18_CS_R3,US18,CS,3,G09,Necessária,Sistêmica,ANSWERED,0,0
US18_CS_R3,US18,CS,3,G10,Necessária,Decisória,OPEN,0,0
US18_CT_R1,US18,CT,1,G01,Necessária,Léxica,ANSWERED,0,0
US18_CT_R1,US18,CT,1,G02,Necessária,Léxica,ANSWERED,0,0
US18_CT_R1,US18,CT,1,G03,Necessária,Operacional,ANSWERED,0,0
US18_CT_R1,US18,CT,1,G04,Necessária,Operacional,ANSWERED,1,1
US18_CT_R1,US18,CT,1,G05,Necessária,Operacional,ANSWERED,0,0
US18_CT_R1,US18,CT,1,G06,Necessária,Operacional,ANSWERED,0,0
US18_CT_R1,US18,CT,1,G07,Necessária,Operacional,ANSWERED,1,1
US18_CT_R1,US18,CT,1,G08,Necessária,Sistêmica,ANSWERED,0,0
US18_CT_R1,US18,CT,1,G09,Necessária,Sistêmica,ANSWERED,0,0
US18_CT_R1,US18,CT,1,G10,Necessária,Decisória,ANSWERED,0,0
US18_CT_R2,US18,CT,2,G01,Necessária,Léxica,ANSWERED,0,0
US18_CT_R2,US18,CT,2,G02,Necessária,Léxica,ANSWERED,0,0
US18_CT_R2,US18,CT,2,G03,Necessária,Operacional,ANSWERED,1,1
US18_CT_R2,US18,CT,2,G04,Necessária,Operacional,ANSWERED,1,1
US18_CT_R2,US18,CT,2,G05,Necessária,Operacional,ANSWERED,0,0
US18_CT_R2,US18,CT,2,G06,Necessária,Operacional,ANSWERED,0,0
US18_CT_R2,US18,CT,2,G07,Necessária,Operacional,ANSWERED,1,1
US18_CT_R2,US18,CT,2,G08,Necessária,Sistêmica,ANSWERED,0,0
US18_CT_R2,US18,CT,2,G09,Necessária,Sistêmica,ANSWERED,0,0
US18_CT_R2,US18,CT,2,G10,Necessária,Decisória,ANSWERED,0,0
US18_CT_R3,US18,CT,3,G01,Necessária,Léxica,ANSWERED,0,0
US18_CT_R3,US18,CT,3,G02,Necessária,Léxica,ANSWERED,0,0
US18_CT_R3,US18,CT,3,G03,Necessária,Operacional,ANSWERED,0,0
US18_CT_R3,US18,CT,3,G04,Necessária,Operacional,ANSWERED,1,2
US18_CT_R3,US18,CT,3,G05,Necessária,Operacional,ANSWERED,0,0
US18_CT_R3,US18,CT,3,G06,Necessária,Operacional,ANSWERED,0,0
US18_CT_R3,US18,CT,3,G07,Necessária,Operacional,ANSWERED,1,1
US18_CT_R3,US18,CT,3,G08,Necessária,Sistêmica,ANSWERED,0,0
US18_CT_R3,US18,CT,3,G09,Necessária,Sistêmica,ANSWERED,0,0
US18_CT_R3,US18,CT,3,G10,Necessária,Decisória,ANSWERED,0,0
US25_C0_R1,US25,C0,1,G01,Necessária,Léxica,OPEN,1,1
US25_C0_R1,US25,C0,1,G02,Necessária,Léxica,OPEN,0,0
US25_C0_R1,US25,C0,1,G03,Necessária,Léxica,OPEN,1,1
US25_C0_R1,US25,C0,1,G04,Necessária,Operacional,OPEN,1,1
US25_C0_R1,US25,C0,1,G05,Necessária,Operacional,OPEN,1,1
US25_C0_R1,US25,C0,1,G06,Complementar,Operacional,OPEN,0,0
US25_C0_R1,US25,C0,1,G07,Necessária,Operacional,OPEN,0,0
US25_C0_R1,US25,C0,1,G08,Necessária,Operacional,OPEN,0,0
US25_C0_R1,US25,C0,1,G09,Necessária,Sistêmica,OPEN,0,0
US25_C0_R1,US25,C0,1,G10,Necessária,Sistêmica,OPEN,1,1
US25_C0_R1,US25,C0,1,G11,Complementar,Decisória,OPEN,0,0
US25_C0_R2,US25,C0,2,G01,Necessária,Léxica,OPEN,1,1
US25_C0_R2,US25,C0,2,G02,Necessária,Léxica,OPEN,0,0
US25_C0_R2,US25,C0,2,G03,Necessária,Léxica,OPEN,1,1
US25_C0_R2,US25,C0,2,G04,Necessária,Operacional,OPEN,1,1
US25_C0_R2,US25,C0,2,G05,Necessária,Operacional,OPEN,1,1
US25_C0_R2,US25,C0,2,G06,Complementar,Operacional,OPEN,0,0
US25_C0_R2,US25,C0,2,G07,Necessária,Operacional,OPEN,0,0
US25_C0_R2,US25,C0,2,G08,Necessária,Operacional,OPEN,0,0
US25_C0_R2,US25,C0,2,G09,Necessária,Sistêmica,OPEN,0,0
US25_C0_R2,US25,C0,2,G10,Necessária,Sistêmica,OPEN,0,0
US25_C0_R2,US25,C0,2,G11,Complementar,Decisória,OPEN,0,0
US25_C0_R3,US25,C0,3,G01,Necessária,Léxica,OPEN,1,1
US25_C0_R3,US25,C0,3,G02,Necessária,Léxica,OPEN,0,0
US25_C0_R3,US25,C0,3,G03,Necessária,Léxica,OPEN,1,1
US25_C0_R3,US25,C0,3,G04,Necessária,Operacional,OPEN,1,1
US25_C0_R3,US25,C0,3,G05,Necessária,Operacional,OPEN,1,1
US25_C0_R3,US25,C0,3,G06,Complementar,Operacional,OPEN,0,0
US25_C0_R3,US25,C0,3,G07,Necessária,Operacional,OPEN,0,0
US25_C0_R3,US25,C0,3,G08,Necessária,Operacional,OPEN,0,0
US25_C0_R3,US25,C0,3,G09,Necessária,Sistêmica,OPEN,0,0
US25_C0_R3,US25,C0,3,G10,Necessária,Sistêmica,OPEN,1,1
US25_C0_R3,US25,C0,3,G11,Complementar,Decisória,OPEN,0,0
US25_CD_R1,US25,CD,1,G01,Necessária,Léxica,OPEN,1,1
US25_CD_R1,US25,CD,1,G02,Necessária,Léxica,OPEN,0,0
US25_CD_R1,US25,CD,1,G03,Necessária,Léxica,OPEN,1,1
US25_CD_R1,US25,CD,1,G04,Necessária,Operacional,OPEN,1,1
US25_CD_R1,US25,CD,1,G05,Necessária,Operacional,OPEN,1,1
US25_CD_R1,US25,CD,1,G06,Complementar,Operacional,OPEN,0,0
US25_CD_R1,US25,CD,1,G07,Necessária,Operacional,OPEN,0,0
US25_CD_R1,US25,CD,1,G08,Necessária,Operacional,OPEN,0,0
US25_CD_R1,US25,CD,1,G09,Necessária,Sistêmica,OPEN,0,0
US25_CD_R1,US25,CD,1,G10,Necessária,Sistêmica,OPEN,0,0
US25_CD_R1,US25,CD,1,G11,Complementar,Decisória,ANSWERED,0,0
US25_CD_R2,US25,CD,2,G01,Necessária,Léxica,OPEN,1,1
US25_CD_R2,US25,CD,2,G02,Necessária,Léxica,OPEN,0,0
US25_CD_R2,US25,CD,2,G03,Necessária,Léxica,OPEN,1,1
US25_CD_R2,US25,CD,2,G04,Necessária,Operacional,OPEN,0,0
US25_CD_R2,US25,CD,2,G05,Necessária,Operacional,OPEN,1,1
US25_CD_R2,US25,CD,2,G06,Complementar,Operacional,OPEN,0,0
US25_CD_R2,US25,CD,2,G07,Necessária,Operacional,OPEN,0,0
US25_CD_R2,US25,CD,2,G08,Necessária,Operacional,OPEN,0,0
US25_CD_R2,US25,CD,2,G09,Necessária,Sistêmica,OPEN,0,0
US25_CD_R2,US25,CD,2,G10,Necessária,Sistêmica,OPEN,1,1
US25_CD_R2,US25,CD,2,G11,Complementar,Decisória,ANSWERED,0,0
US25_CD_R3,US25,CD,3,G01,Necessária,Léxica,OPEN,0,0
US25_CD_R3,US25,CD,3,G02,Necessária,Léxica,OPEN,1,1
US25_CD_R3,US25,CD,3,G03,Necessária,Léxica,OPEN,1,1
US25_CD_R3,US25,CD,3,G04,Necessária,Operacional,OPEN,0,0
US25_CD_R3,US25,CD,3,G05,Necessária,Operacional,OPEN,1,1
US25_CD_R3,US25,CD,3,G06,Complementar,Operacional,OPEN,0,0
US25_CD_R3,US25,CD,3,G07,Necessária,Operacional,OPEN,0,0
US25_CD_R3,US25,CD,3,G08,Necessária,Operacional,OPEN,0,0
US25_CD_R3,US25,CD,3,G09,Necessária,Sistêmica,OPEN,0,0
US25_CD_R3,US25,CD,3,G10,Necessária,Sistêmica,OPEN,0,0
US25_CD_R3,US25,CD,3,G11,Complementar,Decisória,ANSWERED,0,0
US25_CL_R1,US25,CL,1,G01,Necessária,Léxica,ANSWERED,1,1
US25_CL_R1,US25,CL,1,G02,Necessária,Léxica,ANSWERED,1,1
US25_CL_R1,US25,CL,1,G03,Necessária,Léxica,ANSWERED,0,0
US25_CL_R1,US25,CL,1,G04,Necessária,Operacional,OPEN,1,1
US25_CL_R1,US25,CL,1,G05,Necessária,Operacional,OPEN,1,2
US25_CL_R1,US25,CL,1,G06,Complementar,Operacional,OPEN,0,0
US25_CL_R1,US25,CL,1,G07,Necessária,Operacional,OPEN,0,0
US25_CL_R1,US25,CL,1,G08,Necessária,Operacional,OPEN,0,0
US25_CL_R1,US25,CL,1,G09,Necessária,Sistêmica,OPEN,0,0
US25_CL_R1,US25,CL,1,G10,Necessária,Sistêmica,OPEN,0,0
US25_CL_R1,US25,CL,1,G11,Complementar,Decisória,OPEN,0,0
US25_CL_R2,US25,CL,2,G01,Necessária,Léxica,ANSWERED,0,0
US25_CL_R2,US25,CL,2,G02,Necessária,Léxica,ANSWERED,1,1
US25_CL_R2,US25,CL,2,G03,Necessária,Léxica,ANSWERED,1,1
US25_CL_R2,US25,CL,2,G04,Necessária,Operacional,OPEN,1,1
US25_CL_R2,US25,CL,2,G05,Necessária,Operacional,OPEN,1,2
US25_CL_R2,US25,CL,2,G06,Complementar,Operacional,OPEN,0,0
US25_CL_R2,US25,CL,2,G07,Necessária,Operacional,OPEN,0,0
US25_CL_R2,US25,CL,2,G08,Necessária,Operacional,OPEN,0,0
US25_CL_R2,US25,CL,2,G09,Necessária,Sistêmica,OPEN,0,0
US25_CL_R2,US25,CL,2,G10,Necessária,Sistêmica,OPEN,0,0
US25_CL_R2,US25,CL,2,G11,Complementar,Decisória,OPEN,0,0
US25_CL_R3,US25,CL,3,G01,Necessária,Léxica,ANSWERED,1,1
US25_CL_R3,US25,CL,3,G02,Necessária,Léxica,ANSWERED,1,1
US25_CL_R3,US25,CL,3,G03,Necessária,Léxica,ANSWERED,1,1
US25_CL_R3,US25,CL,3,G04,Necessária,Operacional,OPEN,1,1
US25_CL_R3,US25,CL,3,G05,Necessária,Operacional,OPEN,1,1
US25_CL_R3,US25,CL,3,G06,Complementar,Operacional,OPEN,0,0
US25_CL_R3,US25,CL,3,G07,Necessária,Operacional,OPEN,0,0
US25_CL_R3,US25,CL,3,G08,Necessária,Operacional,OPEN,1,1
US25_CL_R3,US25,CL,3,G09,Necessária,Sistêmica,OPEN,0,0
US25_CL_R3,US25,CL,3,G10,Necessária,Sistêmica,OPEN,0,0
US25_CL_R3,US25,CL,3,G11,Complementar,Decisória,OPEN,0,0
US25_CO_R1,US25,CO,1,G01,Necessária,Léxica,OPEN,0,0
US25_CO_R1,US25,CO,1,G02,Necessária,Léxica,OPEN,0,0
US25_CO_R1,US25,CO,1,G03,Necessária,Léxica,OPEN,1,1
US25_CO_R1,US25,CO,1,G04,Necessária,Operacional,ANSWERED,1,1
US25_CO_R1,US25,CO,1,G05,Necessária,Operacional,ANSWERED,1,1
US25_CO_R1,US25,CO,1,G06,Complementar,Operacional,ANSWERED,0,0
US25_CO_R1,US25,CO,1,G07,Necessária,Operacional,ANSWERED,0,0
US25_CO_R1,US25,CO,1,G08,Necessária,Operacional,ANSWERED,1,1
US25_CO_R1,US25,CO,1,G09,Necessária,Sistêmica,OPEN,0,0
US25_CO_R1,US25,CO,1,G10,Necessária,Sistêmica,OPEN,0,0
US25_CO_R1,US25,CO,1,G11,Complementar,Decisória,OPEN,0,0
US25_CO_R2,US25,CO,2,G01,Necessária,Léxica,OPEN,0,0
US25_CO_R2,US25,CO,2,G02,Necessária,Léxica,OPEN,0,0
US25_CO_R2,US25,CO,2,G03,Necessária,Léxica,OPEN,1,1
US25_CO_R2,US25,CO,2,G04,Necessária,Operacional,ANSWERED,1,2
US25_CO_R2,US25,CO,2,G05,Necessária,Operacional,ANSWERED,1,1
US25_CO_R2,US25,CO,2,G06,Complementar,Operacional,ANSWERED,0,0
US25_CO_R2,US25,CO,2,G07,Necessária,Operacional,ANSWERED,0,0
US25_CO_R2,US25,CO,2,G08,Necessária,Operacional,ANSWERED,1,1
US25_CO_R2,US25,CO,2,G09,Necessária,Sistêmica,OPEN,0,0
US25_CO_R2,US25,CO,2,G10,Necessária,Sistêmica,OPEN,0,0
US25_CO_R2,US25,CO,2,G11,Complementar,Decisória,OPEN,0,0
US25_CO_R3,US25,CO,3,G01,Necessária,Léxica,OPEN,0,0
US25_CO_R3,US25,CO,3,G02,Necessária,Léxica,OPEN,0,0
US25_CO_R3,US25,CO,3,G03,Necessária,Léxica,OPEN,0,0
US25_CO_R3,US25,CO,3,G04,Necessária,Operacional,ANSWERED,1,1
US25_CO_R3,US25,CO,3,G05,Necessária,Operacional,ANSWERED,1,1
US25_CO_R3,US25,CO,3,G06,Complementar,Operacional,ANSWERED,1,1
US25_CO_R3,US25,CO,3,G07,Necessária,Operacional,ANSWERED,1,1
US25_CO_R3,US25,CO,3,G08,Necessária,Operacional,ANSWERED,1,1
US25_CO_R3,US25,CO,3,G09,Necessária,Sistêmica,OPEN,0,0
US25_CO_R3,US25,CO,3,G10,Necessária,Sistêmica,OPEN,0,0
US25_CO_R3,US25,CO,3,G11,Complementar,Decisória,OPEN,0,0
US25_CS_R1,US25,CS,1,G01,Necessária,Léxica,OPEN,0,0
US25_CS_R1,US25,CS,1,G02,Necessária,Léxica,OPEN,0,0
US25_CS_R1,US25,CS,1,G03,Necessária,Léxica,OPEN,1,1
US25_CS_R1,US25,CS,1,G04,Necessária,Operacional,OPEN,1,1
US25_CS_R1,US25,CS,1,G05,Necessária,Operacional,OPEN,1,1
US25_CS_R1,US25,CS,1,G06,Complementar,Operacional,OPEN,0,0
US25_CS_R1,US25,CS,1,G07,Necessária,Operacional,OPEN,0,0
US25_CS_R1,US25,CS,1,G08,Necessária,Operacional,OPEN,0,0
US25_CS_R1,US25,CS,1,G09,Necessária,Sistêmica,ANSWERED,0,0
US25_CS_R1,US25,CS,1,G10,Necessária,Sistêmica,ANSWERED,0,0
US25_CS_R1,US25,CS,1,G11,Complementar,Decisória,OPEN,0,0
US25_CS_R2,US25,CS,2,G01,Necessária,Léxica,OPEN,0,0
US25_CS_R2,US25,CS,2,G02,Necessária,Léxica,OPEN,0,0
US25_CS_R2,US25,CS,2,G03,Necessária,Léxica,OPEN,1,1
US25_CS_R2,US25,CS,2,G04,Necessária,Operacional,OPEN,1,1
US25_CS_R2,US25,CS,2,G05,Necessária,Operacional,OPEN,1,1
US25_CS_R2,US25,CS,2,G06,Complementar,Operacional,OPEN,0,0
US25_CS_R2,US25,CS,2,G07,Necessária,Operacional,OPEN,0,0
US25_CS_R2,US25,CS,2,G08,Necessária,Operacional,OPEN,1,1
US25_CS_R2,US25,CS,2,G09,Necessária,Sistêmica,ANSWERED,0,0
US25_CS_R2,US25,CS,2,G10,Necessária,Sistêmica,ANSWERED,0,0
US25_CS_R2,US25,CS,2,G11,Complementar,Decisória,OPEN,0,0
US25_CS_R3,US25,CS,3,G01,Necessária,Léxica,OPEN,0,0
US25_CS_R3,US25,CS,3,G02,Necessária,Léxica,OPEN,0,0
US25_CS_R3,US25,CS,3,G03,Necessária,Léxica,OPEN,0,0
US25_CS_R3,US25,CS,3,G04,Necessária,Operacional,OPEN,1,1
US25_CS_R3,US25,CS,3,G05,Necessária,Operacional,OPEN,1,1
US25_CS_R3,US25,CS,3,G06,Complementar,Operacional,OPEN,0,0
US25_CS_R3,US25,CS,3,G07,Necessária,Operacional,OPEN,0,0
US25_CS_R3,US25,CS,3,G08,Necessária,Operacional,OPEN,1,1
US25_CS_R3,US25,CS,3,G09,Necessária,Sistêmica,ANSWERED,0,0
US25_CS_R3,US25,CS,3,G10,Necessária,Sistêmica,ANSWERED,0,0
US25_CS_R3,US25,CS,3,G11,Complementar,Decisória,OPEN,0,0
US25_CT_R1,US25,CT,1,G01,Necessária,Léxica,ANSWERED,0,0
US25_CT_R1,US25,CT,1,G02,Necessária,Léxica,ANSWERED,0,0
US25_CT_R1,US25,CT,1,G03,Necessária,Léxica,ANSWERED,1,1
US25_CT_R1,US25,CT,1,G04,Necessária,Operacional,ANSWERED,1,1
US25_CT_R1,US25,CT,1,G05,Necessária,Operacional,ANSWERED,1,1
US25_CT_R1,US25,CT,1,G06,Complementar,Operacional,ANSWERED,1,1
US25_CT_R1,US25,CT,1,G07,Necessária,Operacional,ANSWERED,0,0
US25_CT_R1,US25,CT,1,G08,Necessária,Operacional,ANSWERED,1,1
US25_CT_R1,US25,CT,1,G09,Necessária,Sistêmica,ANSWERED,0,0
US25_CT_R1,US25,CT,1,G10,Necessária,Sistêmica,ANSWERED,0,0
US25_CT_R1,US25,CT,1,G11,Complementar,Decisória,ANSWERED,0,0
US25_CT_R2,US25,CT,2,G01,Necessária,Léxica,ANSWERED,0,0
US25_CT_R2,US25,CT,2,G02,Necessária,Léxica,ANSWERED,0,0
US25_CT_R2,US25,CT,2,G03,Necessária,Léxica,ANSWERED,1,1
US25_CT_R2,US25,CT,2,G04,Necessária,Operacional,ANSWERED,1,1
US25_CT_R2,US25,CT,2,G05,Necessária,Operacional,ANSWERED,1,1
US25_CT_R2,US25,CT,2,G06,Complementar,Operacional,ANSWERED,0,0
US25_CT_R2,US25,CT,2,G07,Necessária,Operacional,ANSWERED,0,0
US25_CT_R2,US25,CT,2,G08,Necessária,Operacional,ANSWERED,1,1
US25_CT_R2,US25,CT,2,G09,Necessária,Sistêmica,ANSWERED,1,1
US25_CT_R2,US25,CT,2,G10,Necessária,Sistêmica,ANSWERED,0,0
US25_CT_R2,US25,CT,2,G11,Complementar,Decisória,ANSWERED,0,0
US25_CT_R3,US25,CT,3,G01,Necessária,Léxica,ANSWERED,1,1
US25_CT_R3,US25,CT,3,G02,Necessária,Léxica,ANSWERED,0,0
US25_CT_R3,US25,CT,3,G03,Necessária,Léxica,ANSWERED,1,1
US25_CT_R3,US25,CT,3,G04,Necessária,Operacional,ANSWERED,0,0
US25_CT_R3,US25,CT,3,G05,Necessária,Operacional,ANSWERED,0,0
US25_CT_R3,US25,CT,3,G06,Complementar,Operacional,ANSWERED,0,0
US25_CT_R3,US25,CT,3,G07,Necessária,Operacional,ANSWERED,0,0
US25_CT_R3,US25,CT,3,G08,Necessária,Operacional,ANSWERED,1,1
US25_CT_R3,US25,CT,3,G09,Necessária,Sistêmica,ANSWERED,0,0
US25_CT_R3,US25,CT,3,G10,Necessária,Sistêmica,ANSWERED,0,0
US25_CT_R3,US25,CT,3,G11,Complementar,Decisória,ANSWERED,0,0
