blind_item_id,user_story_id,question_text_raw,mapped_gap_ids,notes
B0001,US02,[NEEDS CLARIFICATION] What geographic region or service area is supported for ZIP code searches?,NONE,A pergunta solicita informações que não estão representadas em nenhum dos gaps de referência pré-definidos para esta User Story.
B0002,US02,[NEEDS CLARIFICATION] What search radius should define “nearby” recycling facilities?,G03,"G03: A pergunta indaga sobre o raio, distância máxima ou a definição de 'nearby'."
B0003,US02,"[NEEDS CLARIFICATION] Should accepted material types be required for every facility result, as stated in context, rather than optional decision-support details?",G06,G06: A questão busca saber quais detalhes ou materiais aceitos devem ser exibidos/exigidos nos resultados.
B0004,US02,"[NEEDS CLARIFICATION] What source of recycling facility data should the system use, and how should it handle stale or unverified facility information?",G09;G05,G09: Questiona a fonte de dados das instalações de reciclagem. | G05: Pede clarificação sobre o estado das instalações (ativas/verificadas/desatualizadas) a serem mostradas.
B0005,US02,"[NEEDS CLARIFICATION] What source of recycling facility data should be used, and how current must that data be?",G09,G09: Questiona a fonte de dados das instalações de reciclagem.
B0006,US02,"[NEEDS CLARIFICATION] Which facility details are required for users to “determine which ones they should consider” beyond name, address, and distance?",G06,G06: A questão busca saber quais detalhes ou materiais aceitos devem ser exibidos/exigidos nos resultados.
B0007,US02,[NEEDS CLARIFICATION] What distance threshold should define “nearby” recycling facilities?,G03,"G03: A pergunta indaga sobre o raio, distância máxima ou a definição de 'nearby'."
B0008,US02,[NEEDS CLARIFICATION] What radius or rule should define “nearby” recycling facilities?,G03,"G03: A pergunta indaga sobre o raio, distância máxima ou a definição de 'nearby'."
B0009,US02,[NEEDS CLARIFICATION] What maximum distance should define “nearby” recycling facilities?,G03,"G03: A pergunta indaga sobre o raio, distância máxima ou a definição de 'nearby'."
B0010,US02,[NEEDS CLARIFICATION] What geographic region and ZIP code formats must be supported for searches?,G02,G02: A pergunta questiona sobre o formato do código postal (ZIP code) suportado.
B0011,US02,[NEEDS CLARIFICATION] What maximum search radius should define “nearby” recycling facilities?,G03,"G03: A pergunta indaga sobre o raio, distância máxima ou a definição de 'nearby'."
B0012,US02,"[NEEDS CLARIFICATION] Which recycling details are required for users to decide which facilities to consider, beyond name, address, and distance?",G06;G05,G06: A questão busca saber quais detalhes ou materiais aceitos devem ser exibidos/exigidos nos resultados. | G05: Pede clarificação sobre o estado das instalações (ativas/verificadas/desatualizadas) a serem mostradas.
B0013,US02,"[NEEDS CLARIFICATION] Should results be limited exclusively to facilities with active and verified records, and should inactive/unverified facilities be hidden even if geographically nearby?",G05;G03,"G05: Pede clarificação sobre o estado das instalações (ativas/verificadas/desatualizadas) a serem mostradas. | G03: A pergunta indaga sobre o raio, distância máxima ou a definição de 'nearby'."
B0014,US02,"[NEEDS CLARIFICATION] Should distance be calculated as straight-line distance from the ZIP centroid, driving distance, or another method?",NONE,"A pergunta foca na metodologia de cálculo de distância, o que não está coberto pelo G03 (que define apenas o raio/distância em si)."
B0015,US02,[NEEDS CLARIFICATION] What maximum distance should define “nearby” recycling facilities?,G03,"G03: A pergunta indaga sobre o raio, distância máxima ou a definição de 'nearby'."
B0016,US02,[NEEDS CLARIFICATION] What supported service area and ZIP code format should the product accept?,G02,G02: A pergunta questiona sobre o formato do código postal (ZIP code) suportado.
B0017,US02,"[NEEDS CLARIFICATION] Which facility details are required to help users decide which facilities to consider beyond name, address, and distance?",G06;G05,G06: A questão busca saber quais detalhes ou materiais aceitos devem ser exibidos/exigidos nos resultados. | G05: Pede clarificação sobre o estado das instalações (ativas/verificadas/desatualizadas) a serem mostradas.
B0018,US02,[NEEDS CLARIFICATION] What supported geographic region/service area should ZIP code searches cover?,NONE,A pergunta solicita informações que não estão representadas em nenhum dos gaps de referência pré-definidos para esta User Story.
B0019,US02,"[NEEDS CLARIFICATION] For an unrecognized ZIP code, should the system treat it as invalid input and avoid running the search entirely?",G04,G04: Pergunta sobre o comportamento do sistema perante um ZIP code inválido ou não reconhecido.
B0020,US02,"[NEEDS CLARIFICATION] When ZIP geocoding fails because the ZIP cannot be recognized, should this be treated as the same user-facing state as an invalid ZIP, or as a separate error state?",G04,G04: Pergunta sobre o comportamento do sistema perante um ZIP code inválido ou não reconhecido.
B0021,US02,"[NEEDS CLARIFICATION] Which facility details are required for users to “determine which ones they should consider” beyond name, address, and distance?",G06,G06: A questão busca saber quais detalhes ou materiais aceitos devem ser exibidos/exigidos nos resultados.
B0022,US02,"[NEEDS CLARIFICATION] Which recycling details are required for users to compare facilities, beyond name, address, and distance?",G06,G06: A questão busca saber quais detalhes ou materiais aceitos devem ser exibidos/exigidos nos resultados.
B0023,US02,"[NEEDS CLARIFICATION] What source of facility data should the system use, and how fresh must that data be?",G09,G09: Questiona a fonte de dados das instalações de reciclagem.
B0024,US02,[NEEDS CLARIFICATION] What ZIP code format and supported geographic area should the search accept?,G02,G02: A pergunta questiona sobre o formato do código postal (ZIP code) suportado.
B0025,US02,"[NEEDS CLARIFICATION] Should ""nearby"" be defined as within 25 km, replacing the current 25 miles assumption in `spec.md`?",G03,"G03: A pergunta indaga sobre o raio, distância máxima ou a definição de 'nearby'."
B0026,US02,[NEEDS CLARIFICATION] How should the system behave when the geocoding service or facility registry is unavailable or returns incomplete data?,G08,Mapeamento efetuado com base na correspondência de informação necessária.
B0027,US02,[NEEDS CLARIFICATION] What supported region or service area should ZIP code searches cover?,NONE,A pergunta solicita informações que não estão representadas em nenhum dos gaps de referência pré-definidos para esta User Story.
B0028,US02,"[NEEDS CLARIFICATION] Should results include facilities with only partial or unverified recycling details, and if so how should that uncertainty be shown?",G06;G05,G06: A questão busca saber quais detalhes ou materiais aceitos devem ser exibidos/exigidos nos resultados. | G05: Pede clarificação sobre o estado das instalações (ativas/verificadas/desatualizadas) a serem mostradas.
B0029,US02,[NEEDS CLARIFICATION] Should results be limited exclusively to facilities with active and verified registrations?,G05,G05: Pede clarificação sobre o estado das instalações (ativas/verificadas/desatualizadas) a serem mostradas.
B0030,US02,"[NEEDS CLARIFICATION] Which facility details are required for users to “determine which ones I should consider” beyond name, address, and distance?",G06,G06: A questão busca saber quais detalhes ou materiais aceitos devem ser exibidos/exigidos nos resultados.
B0031,US02,[NEEDS CLARIFICATION] What search radius should define “nearby” recycling facilities?,G03,"G03: A pergunta indaga sobre o raio, distância máxima ou a definição de 'nearby'."
B0032,US02,[NEEDS CLARIFICATION] How should the system handle facilities that accept only specific recyclable materials when the user has not specified a material type?,G06,G06: A questão busca saber quais detalhes ou materiais aceitos devem ser exibidos/exigidos nos resultados.
B0033,US02,"[NEEDS CLARIFICATION] Which facility details are required for users to “determine which ones they should consider” beyond name, address, and distance?",G06,G06: A questão busca saber quais detalhes ou materiais aceitos devem ser exibidos/exigidos nos resultados.
B0034,US02,"[NEEDS CLARIFICATION] Should users be able to filter or compare facilities by accepted material type, or is a proximity-sorted list sufficient?",G06;G07,G06: A questão busca saber quais detalhes ou materiais aceitos devem ser exibidos/exigidos nos resultados.
B0035,US02,"[NEEDS CLARIFICATION] How should the system message distinguish between an invalid ZIP format, a recognized ZIP with no nearby facilities, and a ZIP that cannot be recognized by the geocoding service?",G08;G02;G04;G03,"G02: A pergunta questiona sobre o formato do código postal (ZIP code) suportado. | G04: Pergunta sobre o comportamento do sistema perante um ZIP code inválido ou não reconhecido. | G03: A pergunta indaga sobre o raio, distância máxima ou a definição de 'nearby'."
B0036,US02,[NEEDS CLARIFICATION] What facility details are required in each result so the user can determine which facilities to consider?,G06;G05,G06: A questão busca saber quais detalhes ou materiais aceitos devem ser exibidos/exigidos nos resultados. | G05: Pede clarificação sobre o estado das instalações (ativas/verificadas/desatualizadas) a serem mostradas.
B0037,US02,"[NEEDS CLARIFICATION] Should accepted material types be mandatory for every facility result, as stated in context, instead of optional decision-support details as written in FR-006?",G06,G06: A questão busca saber quais detalhes ou materiais aceitos devem ser exibidos/exigidos nos resultados.
B0038,US02,[NEEDS CLARIFICATION] What supported region or service area should ZIP code searches cover?,NONE,A pergunta solicita informações que não estão representadas em nenhum dos gaps de referência pré-definidos para esta User Story.
B0039,US02,[NEEDS CLARIFICATION] What search radius should define “nearby” facilities if the initial ZIP code has few or no results?,G03,"G03: A pergunta indaga sobre o raio, distância máxima ou a definição de 'nearby'."
B0040,US02,"[NEEDS CLARIFICATION] Should “nearby” use the context-defined radius of 25 km, replacing the spec’s current assumption of 25 miles?",G03,"G03: A pergunta indaga sobre o raio, distância máxima ou a definição de 'nearby'."
B0041,US02,"[NEEDS CLARIFICATION] Which recycling details are required for users to determine which facilities to consider, beyond name, address, and distance?",G06;G05,G06: A questão busca saber quais detalhes ou materiais aceitos devem ser exibidos/exigidos nos resultados. | G05: Pede clarificação sobre o estado das instalações (ativas/verificadas/desatualizadas) a serem mostradas.
B0042,US02,[NEEDS CLARIFICATION] What supported region or ZIP code format should the feature accept?,G02,G02: A pergunta questiona sobre o formato do código postal (ZIP code) suportado.
B0043,US02,[NEEDS CLARIFICATION] What geographic region or set of ZIP codes is considered the supported service area?,NONE,A pergunta solicita informações que não estão representadas em nenhum dos gaps de referência pré-definidos para esta User Story.
B0044,US02,[NEEDS CLARIFICATION] Should results be limited to recycling facilities with active and verified platform records only?,G05,G05: Pede clarificação sobre o estado das instalações (ativas/verificadas/desatualizadas) a serem mostradas.
B0045,US02,[NEEDS CLARIFICATION] What ZIP code region or format must be supported for this feature?,NONE,A pergunta solicita informações que não estão representadas em nenhum dos gaps de referência pré-definidos para esta User Story.
B0046,US02,[NEEDS CLARIFICATION] What distance radius or rule defines “nearby” recycling facilities?,G03,"G03: A pergunta indaga sobre o raio, distância máxima ou a definição de 'nearby'."
B0047,US02,[NEEDS CLARIFICATION] How should the system distinguish an unrecognized ZIP code from a valid ZIP code with no active verified facilities within the search radius?,G05;G04;G03,"G05: Pede clarificação sobre o estado das instalações (ativas/verificadas/desatualizadas) a serem mostradas. | G04: Pergunta sobre o comportamento do sistema perante um ZIP code inválido ou não reconhecido. | G03: A pergunta indaga sobre o raio, distância máxima ou a definição de 'nearby'."
B0048,US02,[NEEDS CLARIFICATION] What distance or radius defines “nearby” recycling facilities?,G03,"G03: A pergunta indaga sobre o raio, distância máxima ou a definição de 'nearby'."
B0049,US02,[NEEDS CLARIFICATION] What message or user action should be provided when the ZIP geocoding service or facility registry is temporarily unavailable?,G08,Mapeamento efetuado com base na correspondência de informação necessária.
B0050,US02,[NEEDS CLARIFICATION] What radius or rule defines “nearby” facilities for a submitted ZIP code?,G03,"G03: A pergunta indaga sobre o raio, distância máxima ou a definição de 'nearby'."
B0051,US02,"[NEEDS CLARIFICATION] Should “nearby” use the 25 km radius stated in context, replacing the spec’s current 25-mile assumption?",G03,"G03: A pergunta indaga sobre o raio, distância máxima ou a definição de 'nearby'."
B0052,US02,[NEEDS CLARIFICATION] Should ZIP validation accept only 5-digit ZIP codes and ZIP+4 formats?,NONE,A pergunta solicita informações que não estão representadas em nenhum dos gaps de referência pré-definidos para esta User Story.
B0053,US02,"[NEEDS CLARIFICATION] For a valid but unrecognized ZIP, should the system show the specific “ZIP could not be recognized” message and skip the search?",G04,G04: Pergunta sobre o comportamento do sistema perante um ZIP code inválido ou não reconhecido.
B0054,US02,[NEEDS CLARIFICATION] What ZIP formats or geographic regions are supported?,G02,G02: A pergunta questiona sobre o formato do código postal (ZIP code) suportado.
B0055,US02,[NEEDS CLARIFICATION] Should results include only recycling facilities with active and verified records?,G05,G05: Pede clarificação sobre o estado das instalações (ativas/verificadas/desatualizadas) a serem mostradas.
B0056,US02,[NEEDS CLARIFICATION] What supported geographic region or service area should ZIP code searches cover?,NONE,A pergunta solicita informações que não estão representadas em nenhum dos gaps de referência pré-definidos para esta User Story.
B0057,US02,[NEEDS CLARIFICATION] Should users be able to filter or identify facilities by accepted material type?,G06,G06: A questão busca saber quais detalhes ou materiais aceitos devem ser exibidos/exigidos nos resultados.
B0058,US02,"[NEEDS CLARIFICATION] Are accepted material types mandatory for every facility result, as stated in the operational context, or optional decision-support details as currently described in `spec.md`?",G06,G06: A questão busca saber quais detalhes ou materiais aceitos devem ser exibidos/exigidos nos resultados.
B0059,US02,[NEEDS CLARIFICATION] What facility data source should be used to determine available recycling facilities and their details?,G06;G09,G06: A questão busca saber quais detalhes ou materiais aceitos devem ser exibidos/exigidos nos resultados. | G09: Questiona a fonte de dados das instalações de reciclagem.
B0060,US02,"[NEEDS CLARIFICATION] What facility data source should be used, and how current does the facility information need to be?",G09,G09: Questiona a fonte de dados das instalações de reciclagem.
B0061,US02,[NEEDS CLARIFICATION] How should the system handle facilities with incomplete or stale data in the platform’s facility registry?,G05,G05: Pede clarificação sobre o estado das instalações (ativas/verificadas/desatualizadas) a serem mostradas.
B0062,US02,[NEEDS CLARIFICATION] What source of recycling facility data should the system use?,G09,G09: Questiona a fonte de dados das instalações de reciclagem.
B0063,US02,"[NEEDS CLARIFICATION] What facility data source should be used, and how fresh must the facility information be?",G09,G09: Questiona a fonte de dados das instalações de reciclagem.
B0064,US02,"[NEEDS CLARIFICATION] Which facility details are required for users to “determine which ones to consider” beyond name, address, and distance?",G06,G06: A questão busca saber quais detalhes ou materiais aceitos devem ser exibidos/exigidos nos resultados.
B0065,US02,"[NEEDS CLARIFICATION] What minimum facility details, beyond name, address, and distance, are required for a user to determine which facilities to consider?",G06;G05,G06: A questão busca saber quais detalhes ou materiais aceitos devem ser exibidos/exigidos nos resultados. | G05: Pede clarificação sobre o estado das instalações (ativas/verificadas/desatualizadas) a serem mostradas.
B0066,US02,"[NEEDS CLARIFICATION] How should “nearby” be defined for returning facilities, such as a fixed radius, configurable radius, or a result count limit?",G03,"G03: A pergunta indaga sobre o raio, distância máxima ou a definição de 'nearby'."
B0067,US02,"[NEEDS CLARIFICATION] Should “nearby” use the 25 km radius from the operational context, or the 25 miles radius currently assumed in `spec.md`?",G03,"G03: A pergunta indaga sobre o raio, distância máxima ou a definição de 'nearby'."
B0068,US02,"[NEEDS CLARIFICATION] Should “nearby” be defined as within 25 km, as stated in context, rather than 25 miles as stated in spec.md?",G03,"G03: A pergunta indaga sobre o raio, distância máxima ou a definição de 'nearby'."
B0069,US02,[NEEDS CLARIFICATION] Should valid ZIP input explicitly include only 5-digit ZIP codes and ZIP+4 formats?,NONE,A pergunta solicita informações que não estão representadas em nenhum dos gaps de referência pré-definidos para esta User Story.
B0070,US02,[NEEDS CLARIFICATION] How should distance be calculated and displayed for sorting facilities by proximity?,G07,Mapeamento efetuado com base na correspondência de informação necessária.
B0071,US02,"[NEEDS CLARIFICATION] What source should facility data come from, and how current must it be?",G09,G09: Questiona a fonte de dados das instalações de reciclagem.
B0072,US02,"[NEEDS CLARIFICATION] Are accepted material types required for every facility result, rather than optional “when known” details?",G06,G06: A questão busca saber quais detalhes ou materiais aceitos devem ser exibidos/exigidos nos resultados.
B0073,US02,"[NEEDS CLARIFICATION] Which facility details are required for users to “determine which ones to consider” beyond name, address, and distance?",G06,G06: A questão busca saber quais detalhes ou materiais aceitos devem ser exibidos/exigidos nos resultados.
B0074,US08,"[NEEDS CLARIFICATION] If an estimator fails to submit, is there any timeout, cancellation, override, or manual reveal path, or must estimates remain hidden indefinitely?",G10,Mapeamento efetuado com base na correspondência de informação necessária.
B0075,US08,"[NEEDS CLARIFICATION] What information may participants see while waiting: only a generic waiting state, or also submission progress such as “2 of 3 submitted”?",G03,G03: Foca na visibilidade das estimativas antes da revelação.
B0076,US08,"[NEEDS CLARIFICATION] If an estimator becomes inactive or leaves before submitting, should the reveal wait indefinitely, exclude that estimator, or require some explicit session action before reveal?",G06;G01;G03,G01: Pede definição sobre quem é um estimador ativo. | G03: Foca na visibilidade das estimativas antes da revelação.
B0077,US08,"[NEEDS CLARIFICATION] While estimates are hidden, should participants see only that submissions are pending, or may they see submission status/counts such as “3 of 5 submitted” or which estimators have submitted?",G03,G03: Foca na visibilidade das estimativas antes da revelação.
B0078,US08,"[NEEDS CLARIFICATION] What should happen if a required estimator never submits an estimate: should the draw wait indefinitely, allow an authorized override, or support a timeout/exclusion mechanism?",NONE,A pergunta solicita informações que não estão representadas em nenhum dos gaps de referência pré-definidos para esta User Story.
B0079,US08,"[NEEDS CLARIFICATION] After automatic reveal has occurred, should the system block further estimate submissions entirely, or allow them while excluding them from the revealed result set?",G10,Mapeamento efetuado com base na correspondência de informação necessária.
B0080,US08,"[NEEDS CLARIFICATION] Should estimators themselves also be prevented from seeing other estimates before the simultaneous reveal, or is this requirement limited to participants?",G03,G03: Foca na visibilidade das estimativas antes da revelação.
B0081,US08,"[NEEDS CLARIFICATION] Are estimators themselves allowed to see any submitted estimates before they have submitted their own estimate, or does the hidden-until-complete rule apply to every participant role?",G03,G03: Foca na visibilidade das estimativas antes da revelação.
B0082,US08,"[NEEDS CLARIFICATION] If a new estimator becomes active after a draw has already started but before reveal, should that estimator be included in the required set for that draw?",G01;G03,G01: Pede definição sobre quem é um estimador ativo. | G03: Foca na visibilidade das estimativas antes da revelação.
B0083,US08,"[NEEDS CLARIFICATION] If one or more required estimators never submit an estimate, should the reveal wait indefinitely, expire/cancel the draw, or follow another existing workflow rule?",NONE,A pergunta solicita informações que não estão representadas em nenhum dos gaps de referência pré-definidos para esta User Story.
B0084,US08,"[NEEDS CLARIFICATION] After estimates are revealed, should later estimate changes be blocked entirely, recorded but hidden, or allowed to update the revealed result set?",G05,Mapeamento efetuado com base na correspondência de informação necessária.
B0085,US08,[NEEDS CLARIFICATION] What should happen if an estimator submits after the estimates have already been revealed?,NONE,A pergunta solicita informações que não estão representadas em nenhum dos gaps de referência pré-definidos para esta User Story.
B0086,US08,"[NEEDS CLARIFICATION] While waiting for reveal, should participants see only a generic waiting state, or may they see progress information such as number of submitted/missing estimates or estimator names?",G03,G03: Foca na visibilidade das estimativas antes da revelação.
B0087,US08,"[NEEDS CLARIFICATION] Does “all estimators” mean every active estimator in the round, or only the estimators assigned/required for the specific draw?",G02;G01,G02: Questiona a condição de todos terem votado. | G01: Pede definição sobre quem é um estimador ativo.
B0088,US08,"[NEEDS CLARIFICATION] Are revealed estimates visible to all round participants, including estimators, or only to non-estimating participant viewers?",G03,G03: Foca na visibilidade das estimativas antes da revelação.
B0089,US08,"[NEEDS CLARIFICATION] Who is included in the “all estimators” set for a draw: every estimator assigned before the draw starts, only estimators currently active/available, or another defined required subset?",G02;G01,G02: Questiona a condição de todos terem votado. | G01: Pede definição sobre quem é um estimador ativo.
B0090,US08,"[NEEDS CLARIFICATION] Are estimators themselves also allowed to view revealed estimates as participants, and if so must they be subject to the same hidden-until-complete reveal rule?",NONE,A pergunta solicita informações que não estão representadas em nenhum dos gaps de referência pré-definidos para esta User Story.
B0091,US08,"[NEEDS CLARIFICATION] If an active estimator leaves the round after submitting an estimate but before reveal, should their submitted estimate remain in the revealed set or be excluded?",G06;G01;G03,G01: Pede definição sobre quem é um estimador ativo. | G03: Foca na visibilidade das estimativas antes da revelação.
B0092,US08,[NEEDS CLARIFICATION] What should happen if a required estimator never submits an estimate for a draw?,NONE,A pergunta solicita informações que não estão representadas em nenhum dos gaps de referência pré-definidos para esta User Story.
B0093,US08,[NEEDS CLARIFICATION] Are estimators allowed to revise or resubmit estimates before the simultaneous reveal occurs?,NONE,A pergunta solicita informações que não estão representadas em nenhum dos gaps de referência pré-definidos para esta User Story.
B0094,US08,"[NEEDS CLARIFICATION] Is the “required estimators” set fixed when the draw starts, or should it be recalculated from the active estimator list at reveal time?",G04;G01,G04: Foca no momento ou gatilho da revelação. | G01: Pede definição sobre quem é um estimador ativo.
B0095,US08,[NEEDS CLARIFICATION] Who counts as an “estimator required for that draw” when reveal readiness is evaluated?,G04,G04: Foca no momento ou gatilho da revelação.
B0096,US08,"[NEEDS CLARIFICATION] If a new estimator becomes active after other estimators have already submitted but before reveal, must the system wait for that new estimator’s estimate before revealing?",G01;G03,G01: Pede definição sobre quem é um estimador ativo. | G03: Foca na visibilidade das estimativas antes da revelação.
B0097,US08,"[NEEDS CLARIFICATION] After estimates have been revealed, are estimators allowed to revise their estimates, and if so should those revisions be shown, blocked, or tracked separately?",NONE,A pergunta solicita informações que não estão representadas em nenhum dos gaps de referência pré-definidos para esta User Story.
B0098,US08,"[NEEDS CLARIFICATION] Does “participant” include estimators viewing the draw, or only non-estimating observers/participants?",NONE,A pergunta solicita informações que não estão representadas em nenhum dos gaps de referência pré-definidos para esta User Story.
B0099,US08,"[NEEDS CLARIFICATION] If all estimators leave before reveal and the active estimator set becomes empty, should the round reveal no estimates, remain waiting, or enter a distinct “no estimates” state?",G06;G02;G01;G03,G02: Questiona a condição de todos terem votado. | G01: Pede definição sobre quem é um estimador ativo. | G03: Foca na visibilidade das estimativas antes da revelação.
B0100,US08,"[NEEDS CLARIFICATION] After reveal, should participants see estimates linked to estimator identities, anonymized, or according to an existing visibility rule?",G03,G03: Foca na visibilidade das estimativas antes da revelação.
B0101,US08,"[NEEDS CLARIFICATION] Who exactly counts as “all estimators” for a draw, and at what point is that required estimator set finalized?",G02,G02: Questiona a condição de todos terem votado.
B0102,US08,"[NEEDS CLARIFICATION] If the required estimator set changes after a draw has started, should reveal readiness use the original set or the updated set?",G05,Mapeamento efetuado com base na correspondência de informação necessária.
B0103,US08,"[NEEDS CLARIFICATION] What should happen if a required estimator never submits an estimate: should the draw wait indefinitely, allow cancellation, allow an override, or use a timeout rule?",NONE,A pergunta solicita informações que não estão representadas em nenhum dos gaps de referência pré-definidos para esta User Story.
B0104,US08,"[NEEDS CLARIFICATION] What should the participant see while waiting: only a generic waiting state, or also non-estimate metadata such as number of submitted estimates, missing estimator names, or progress count?",G03,G03: Foca na visibilidade das estimativas antes da revelação.
B0105,US08,"[NEEDS CLARIFICATION] Are estimators themselves also considered participants/viewers who must be prevented from seeing any estimates before the simultaneous reveal, or does this visibility rule apply only to non-estimating participants?",G03,G03: Foca na visibilidade das estimativas antes da revelação.
B0106,US08,"[NEEDS CLARIFICATION] When estimates are still hidden, should participants see only a generic waiting state or also progress information such as how many estimators have submitted?",G03,G03: Foca na visibilidade das estimativas antes da revelação.
B0107,US08,"[NEEDS CLARIFICATION] Should the simultaneous reveal happen automatically in real time when the final required estimate is submitted, or is it acceptable for users to see it only after refreshing or re-opening the draw?",G04;G10;G03,G04: Foca no momento ou gatilho da revelação. | G03: Foca na visibilidade das estimativas antes da revelação.
B0108,US08,"[NEEDS CLARIFICATION] Are estimators themselves considered “participants” for estimate visibility, meaning they also must not see any other estimates before the simultaneous reveal?",G03,G03: Foca na visibilidade das estimativas antes da revelação.
B0109,US08,"[NEEDS CLARIFICATION] Should reveal readiness be based on the current active estimators at the moment of evaluation, excluding estimators who leave the round before reveal?",G06;G01;G03,G01: Pede definição sobre quem é um estimador ativo. | G03: Foca na visibilidade das estimativas antes da revelação.
B0110,US08,"[NEEDS CLARIFICATION] If an estimator submits an estimate and then leaves the round before reveal, should their previously submitted estimate be excluded from the revealed set?",G06;G03,G03: Foca na visibilidade das estimativas antes da revelação.
B0111,US08,"[NEEDS CLARIFICATION] Who counts as a “required estimator” for a draw, and can that required set change after the draw has started?",G05,Mapeamento efetuado com base na correspondência de informação necessária.
B0112,US08,"[NEEDS CLARIFICATION] Must the simultaneous reveal be synchronized in real time across all participant clients, or is it sufficient that each participant only sees the complete set after the reveal condition is met?",G03,G03: Foca na visibilidade das estimativas antes da revelação.
B0113,US08,"[NEEDS CLARIFICATION] If an estimator submits an estimate and then leaves the round before reveal, should that estimator’s submitted estimate be excluded from the revealed set because they are no longer active?",G06;G01;G03,G01: Pede definição sobre quem é um estimador ativo. | G03: Foca na visibilidade das estimativas antes da revelação.
B0114,US08,"[NEEDS CLARIFICATION] If all remaining active estimators have submitted but one or more inactive/left estimators previously submitted estimates, should participants see only active estimators’ estimates or all submitted estimates for the round?",G01;G03,G01: Pede definição sobre quem é um estimador ativo. | G03: Foca na visibilidade das estimativas antes da revelação.
B0115,US08,"[NEEDS CLARIFICATION] If an active estimator leaves, disconnects, or becomes inactive before submitting, should the reveal wait indefinitely, exclude that estimator, or follow another session rule?",G06;G01,G01: Pede definição sobre quem é um estimador ativo.
B0116,US08,[NEEDS CLARIFICATION] What should happen if one or more required estimators never submit an estimate for a draw?,NONE,A pergunta solicita informações que não estão representadas em nenhum dos gaps de referência pré-definidos para esta User Story.
B0117,US08,"[NEEDS CLARIFICATION] How should late submissions after reveal be handled: rejected entirely, stored but hidden, or recorded separately from the revealed result set?",NONE,A pergunta solicita informações que não estão representadas em nenhum dos gaps de referência pré-definidos para esta User Story.
B0118,US08,"[NEEDS CLARIFICATION] After the simultaneous reveal occurs, should later submissions or revisions be rejected entirely, recorded but hidden, or shown separately as late/non-reveal estimates?",NONE,A pergunta solicita informações que não estão representadas em nenhum dos gaps de referência pré-definidos para esta User Story.
B0119,US08,[NEEDS CLARIFICATION] How is the required estimator set for a draw defined and frozen before deciding that “all estimators” have submitted?,G02,G02: Questiona a condição de todos terem votado.
B0120,US08,"[NEEDS CLARIFICATION] While estimates are hidden, should participants see only a generic waiting state, or should they see the count/names of estimators who have not submitted?",G03,G03: Foca na visibilidade das estimativas antes da revelação.
B0121,US08,"[NEEDS CLARIFICATION] When the final active estimator submits and automatic reveal occurs, should the reveal be immediate in real time for all participants, or is refresh/polling acceptable?",G04;G01;G10,G04: Foca no momento ou gatilho da revelação. | G01: Pede definição sobre quem é um estimador ativo.
B0122,US08,"[NEEDS CLARIFICATION] Does “participant” include estimators viewing the draw, or only non-estimator observers?",NONE,A pergunta solicita informações que não estão representadas em nenhum dos gaps de referência pré-definidos para esta User Story.
B0123,US08,"[NEEDS CLARIFICATION] If a new estimator joins or becomes active after some estimates have already been submitted but before reveal, should that estimator be required before the reveal can occur?",G01;G03,G01: Pede definição sobre quem é um estimador ativo. | G03: Foca na visibilidade das estimativas antes da revelação.
B0124,US08,"[NEEDS CLARIFICATION] If an estimator submits an estimate and then leaves the round before reveal, should their submitted estimate be included in the revealed set or excluded because they are no longer an active estimator?",G06;G01;G03,G01: Pede definição sobre quem é um estimador ativo. | G03: Foca na visibilidade das estimativas antes da revelação.
B0125,US08,"[NEEDS CLARIFICATION] Before the reveal, may an estimator-participant see their own submitted estimate, or must all estimates including their own remain hidden in the results view?",G03,G03: Foca na visibilidade das estimativas antes da revelação.
B0126,US08,"[NEEDS CLARIFICATION] Are “required estimators” for a draw exactly the active estimators in the game session at the time the draw starts, or can the required set change during the draw?",G01;G05,G01: Pede definição sobre quem é um estimador ativo.
B0127,US08,"[NEEDS CLARIFICATION] Is the required estimator set for a draw fixed at draw start, or should it reflect the current active estimator list at the moment reveal readiness is checked?",G01,G01: Pede definição sobre quem é um estimador ativo.
B0128,US08,"[NEEDS CLARIFICATION] Who exactly counts as a “participant” for visibility rules: only non-estimating observers, estimators themselves, or everyone in the session?",G02,G02: Questiona a condição de todos terem votado.
B0129,US08,"[NEEDS CLARIFICATION] After estimates are revealed, should estimators be prevented from revising their estimates entirely, or should later revisions be stored but excluded from the revealed result set?",NONE,A pergunta solicita informações que não estão representadas em nenhum dos gaps de referência pré-definidos para esta User Story.
B0130,US18,"[NEEDS CLARIFICATION] Should estimator names be trimmed before validation/storage/display, or should leading/trailing spaces be preserved when the name is accepted?",NONE,A pergunta solicita informações que não estão representadas em nenhum dos gaps de referência pré-definidos para esta User Story.
B0131,US18,[NEEDS CLARIFICATION] Should two different estimators be allowed to join the same game using the same display name?,NONE,A pergunta solicita informações que não estão representadas em nenhum dos gaps de referência pré-definidos para esta User Story.
B0132,US18,"[NEEDS CLARIFICATION] What constraints, if any, should apply to the estimator’s entered name beyond being non-empty and not whitespace, such as maximum length, allowed characters, or duplicate names within the same game?",G04;G03,G03: Relaciona-se com o formato e restrições do nome.
B0133,US18,"[NEEDS CLARIFICATION] After a successful join, should the estimator remain recognized as joined if they refresh or reopen the same game URL later?",G01,Mapeamento efetuado com base na correspondência de informação necessária.
B0134,US18,"[NEEDS CLARIFICATION] Are there any constraints on valid estimator names beyond being non-empty and not whitespace-only, such as maximum length or forbidden characters?",G03,G03: Relaciona-se com o formato e restrições do nome.
B0135,US18,[NEEDS CLARIFICATION] What condition defines that a game is “no longer accepting participants” for this join flow?,NONE,A pergunta solicita informações que não estão representadas em nenhum dos gaps de referência pré-definidos para esta User Story.
B0136,US18,"[NEEDS CLARIFICATION] Are there any constraints on estimator names beyond non-empty/non-whitespace, such as maximum length, allowed characters, trimming behavior, or uniqueness within a game?",G03,G03: Relaciona-se com o formato e restrições do nome.
B0137,US18,"[NEEDS CLARIFICATION] What should happen when the same browser/page submits the join action more than once with the same valid name: ignore the duplicate, show the existing participation state, or return an error?",G04,Mapeamento efetuado com base na correspondência de informação necessária.
B0138,US18,[NEEDS CLARIFICATION] What should happen if another participant in the same game already uses the entered name?,NONE,A pergunta solicita informações que não estão representadas em nenhum dos gaps de referência pré-definidos para esta User Story.
B0139,US18,[NEEDS CLARIFICATION] What should happen if the same estimator reloads the page or submits the join form again after already joining?,NONE,A pergunta solicita informações que não estão representadas em nenhum dos gaps de referência pré-definidos para esta User Story.
B0140,US18,"[NEEDS CLARIFICATION] After a successful join, must the estimator be redirected to the active game page, or is an on-page participating confirmation sufficient?",NONE,A pergunta solicita informações que não estão representadas em nenhum dos gaps de referência pré-definidos para esta User Story.
B0141,US18,[NEEDS CLARIFICATION] How should the system determine that an estimator is authorized to join a game from the received URL?,G01,Mapeamento efetuado com base na correspondência de informação necessária.
B0142,US18,"[NEEDS CLARIFICATION] How should the system identify “the same join attempt” to prevent duplicate participant entries: same browser/session, same entered name within the same game, or another identifier?",G04,Mapeamento efetuado com base na correspondência de informação necessária.
B0143,US18,"[NEEDS CLARIFICATION] What rules, if any, apply to estimator names beyond being non-empty and not whitespace-only, such as maximum length or allowed characters?",G03,G03: Relaciona-se com o formato e restrições do nome.
B0144,US18,[NEEDS CLARIFICATION] What should happen when an estimator tries to join with a name already used by another active estimator in the same session?,NONE,A pergunta solicita informações que não estão representadas em nenhum dos gaps de referência pré-definidos para esta User Story.
B0145,US18,"[NEEDS CLARIFICATION] Should names longer than 50 characters be blocked, truncated, or otherwise handled?",G03,G03: Relaciona-se com o formato e restrições do nome.
B0146,US18,"[NEEDS CLARIFICATION] After a successful join, should the estimator see an intermediate confirmation state, be immediately redirected to the active game page, or both?",NONE,A pergunta solicita informações que não estão representadas em nenhum dos gaps de referência pré-definidos para esta User Story.
B0147,US18,"[NEEDS CLARIFICATION] Are there any required constraints on estimator names beyond non-empty and not whitespace-only, such as maximum length or disallowed characters?",G03,G03: Relaciona-se com o formato e restrições do nome.
B0148,US18,"[NEEDS CLARIFICATION] After a successful join, should the estimator only see confirmation, or must they be redirected immediately to the active game page?",NONE,A pergunta solicita informações que não estão representadas em nenhum dos gaps de referência pré-definidos para esta User Story.
B0149,US18,"[NEEDS CLARIFICATION] After successfully joining, what should the estimator be taken to or shown: a waiting area, the game interface, or only a confirmation message?",NONE,A pergunta solicita informações que não estão representadas em nenhum dos gaps de referência pré-definidos para esta User Story.
B0150,US18,[NEEDS CLARIFICATION] What condition makes a game “no longer accepting participants”?,NONE,A pergunta solicita informações que não estão representadas em nenhum dos gaps de referência pré-definidos para esta User Story.
B0151,US18,"[NEEDS CLARIFICATION] After a successful join, should the estimator be taken directly into the game interface, or is a confirmation/participating state sufficient for this feature?",NONE,A pergunta solicita informações que não estão representadas em nenhum dos gaps de referência pré-definidos para esta User Story.
B0152,US18,[NEEDS CLARIFICATION] How should the system identify a repeated join attempt from the same estimator/page so it can avoid creating duplicate participant entries?,G04,Mapeamento efetuado com base na correspondência de informação necessária.
B0153,US18,"[NEEDS CLARIFICATION] How should the system identify “the same join attempt” to prevent duplicate participants: browser session, exact estimator name within the game, authenticated user identity, or another mechanism?",G04;G10,Mapeamento efetuado com base na correspondência de informação necessária.
B0154,US18,[NEEDS CLARIFICATION] What determines whether a game is “no longer accepting participants” for the join flow?,NONE,A pergunta solicita informações que não estão representadas em nenhum dos gaps de referência pré-definidos para esta User Story.
B0155,US18,[NEEDS CLARIFICATION] How should the system identify and prevent duplicate participant entries from repeated submissions without requiring account creation or authentication?,G04;G10,Mapeamento efetuado com base na correspondência de informação necessária.
B0156,US18,"[NEEDS CLARIFICATION] Should multiple estimators be allowed to join the same game using the same display name, or must names be unique within a game?",NONE,A pergunta solicita informações que não estão representadas em nenhum dos gaps de referência pré-definidos para esta User Story.
B0157,US18,"[NEEDS CLARIFICATION] How is the received game URL expected to identify the game, and what makes that URL invalid or non-joinable?",G01,Mapeamento efetuado com base na correspondência de informação necessária.
B0158,US18,"[NEEDS CLARIFICATION] What should “can participate” mean immediately after joining: staying on the join page with confirmation, redirecting to a game screen, or another visible state?",NONE,A pergunta solicita informações que não estão representadas em nenhum dos gaps de referência pré-definidos para esta User Story.
B0159,US18,"[NEEDS CLARIFICATION] Are there any display-name constraints beyond non-empty/non-whitespace, such as maximum length, allowed characters, or duplicate names within the same game?",G04;G03,G03: Relaciona-se com o formato e restrições do nome.
B0160,US18,[NEEDS CLARIFICATION] How should the system verify that an estimator is authorized to join a game from the received URL?,G01,Mapeamento efetuado com base na correspondência de informação necessária.
B0161,US18,"[NEEDS CLARIFICATION] Are estimator display names required to be unique within a game, and if a duplicate name is entered, what should happen?",G04,Mapeamento efetuado com base na correspondência de informação necessária.
B0162,US18,"[NEEDS CLARIFICATION] After a successful join, should the estimator be redirected to the active game page, rather than only shown a confirmation/participating state?",NONE,A pergunta solicita informações que não estão representadas em nenhum dos gaps de referência pré-definidos para esta User Story.
B0163,US18,"[NEEDS CLARIFICATION] If an estimator submits a name already used by another active estimator in the same session, what exact outcome should occur: block with an error, allow after disambiguation, or treat as the same participant?",NONE,A pergunta solicita informações que não estão representadas em nenhum dos gaps de referência pré-definidos para esta User Story.
B0164,US18,"[NEEDS CLARIFICATION] After a successful join, should the estimator remain on a confirmation state or be immediately redirected to the active game page?",NONE,A pergunta solicita informações que não estão representadas em nenhum dos gaps de referência pré-definidos para esta User Story.
B0165,US18,[NEEDS CLARIFICATION] What exact condition determines that a game is “no longer accepting participants” for this join flow?,NONE,A pergunta solicita informações que não estão representadas em nenhum dos gaps de referência pré-definidos para esta User Story.
B0166,US18,[NEEDS CLARIFICATION] What condition determines that a game is “no longer accepting participants”?,NONE,A pergunta solicita informações que não estão representadas em nenhum dos gaps de referência pré-definidos para esta User Story.
B0167,US18,[NEEDS CLARIFICATION] What exact game states should make a URL “not joinable” or “no longer accepting participants”?,G01,Mapeamento efetuado com base na correspondência de informação necessária.
B0168,US18,"[NEEDS CLARIFICATION] When an active estimator name is already in use within the same session, what exact behavior should occur: block the join with an error, allow a renamed duplicate, or treat it as reconnecting the same estimator?",G04,Mapeamento efetuado com base na correspondência de informação necessária.
B0169,US18,[NEEDS CLARIFICATION] How should the system handle an estimator entering a name already used by another active estimator in the same game session?,NONE,A pergunta solicita informações que não estão representadas em nenhum dos gaps de referência pré-definidos para esta User Story.
B0170,US18,"[NEEDS CLARIFICATION] For an invalid or unavailable invite URL, should the system expose one generic message or distinguish between invalid invite, unavailable invite, and closed session?",NONE,A pergunta solicita informações que não estão representadas em nenhum dos gaps de referência pré-definidos para esta User Story.
B0171,US18,"[NEEDS CLARIFICATION] Are there any required constraints for estimator display names beyond non-empty and non-whitespace, such as maximum length, allowed characters, or duplicate names within the same game?",G04;G03,G03: Relaciona-se com o formato e restrições do nome.
B0172,US18,[NEEDS CLARIFICATION] What should happen if two estimators enter the same display name for the same game?,NONE,A pergunta solicita informações que não estão representadas em nenhum dos gaps de referência pré-definidos para esta User Story.
B0173,US18,[NEEDS CLARIFICATION] What conditions make a received game URL “not joinable” versus “game no longer accepting participants”?,G01,Mapeamento efetuado com base na correspondência de informação necessária.
B0174,US18,"[NEEDS CLARIFICATION] How should the received URL identify the game to join, and what makes that URL/game “valid” or “joinable”?",G01,Mapeamento efetuado com base na correspondência de informação necessária.
B0175,US18,[NEEDS CLARIFICATION] What condition determines that a game is “no longer accepting participants”?,NONE,A pergunta solicita informações que não estão representadas em nenhum dos gaps de referência pré-definidos para esta User Story.
B0176,US18,[NEEDS CLARIFICATION] Should two estimators in the same game be allowed to join with the same display name?,NONE,A pergunta solicita informações que não estão representadas em nenhum dos gaps de referência pré-definidos para esta User Story.
B0177,US18,[NEEDS CLARIFICATION] What should happen when a submitted name is already used by another active estimator in the same game session?,NONE,A pergunta solicita informações que não estão representadas em nenhum dos gaps de referência pré-definidos para esta User Story.
B0178,US18,"[NEEDS CLARIFICATION] For repeated submissions from the same page without authentication, what identifier should determine that this is the same join attempt rather than a new estimator with the same name?",G04,Mapeamento efetuado com base na correspondência de informação necessária.
B0179,US18,[NEEDS CLARIFICATION] How should the system identify and prevent duplicate participant entries from repeated submissions of the same join attempt?,G04,Mapeamento efetuado com base na correspondência de informação necessária.
B0180,US18,"[NEEDS CLARIFICATION] After joining without an account, how should the system recognize the same estimator on refresh or return visit to avoid duplicate participation?",G04;G10,Mapeamento efetuado com base na correspondência de informação necessária.
B0181,US18,"[NEEDS CLARIFICATION] How should the system identify and prevent duplicate participant entries from repeated submissions: by browser/session, exact display name within the game, authenticated user identity, or another identifier?",G04;G10,Mapeamento efetuado com base na correspondência de informação necessária.
B0182,US18,"[NEEDS CLARIFICATION] After a successful join, should the estimator remain on a confirmation state or be redirected immediately to the active game page?",NONE,A pergunta solicita informações que não estão representadas em nenhum dos gaps de referência pré-definidos para esta User Story.
B0183,US18,[NEEDS CLARIFICATION] How should repeated join submissions be recognized as the same join attempt so duplicate participant entries are avoided?,G04,Mapeamento efetuado com base na correspondência de informação necessária.
B0184,US18,"[NEEDS CLARIFICATION] What should happen after a successful join: remain on a confirmation page, enter the game/lobby immediately, or navigate to another participation view?",NONE,A pergunta solicita informações que não estão representadas em nenhum dos gaps de referência pré-definidos para esta User Story.
B0185,US18,[NEEDS CLARIFICATION] Should estimator names be treated as case-sensitive or case-insensitive when preventing duplicate active names within the same game session?,G04,Mapeamento efetuado com base na correspondência de informação necessária.
B0186,US18,"[NEEDS CLARIFICATION] Are duplicate estimator display names allowed within the same game, or must each participant name be unique per game?",G04,Mapeamento efetuado com base na correspondência de informação necessária.
B0187,US18,[NEEDS CLARIFICATION] What makes an estimator “authorized” to join a game from the received URL?,G01,Mapeamento efetuado com base na correspondência de informação necessária.
B0188,US18,"[NEEDS CLARIFICATION] Should valid estimator names be limited to 1-50 characters, as stated in the operational context?",G03,G03: Relaciona-se com o formato e restrições do nome.
B0189,US18,"[NEEDS CLARIFICATION] When an active estimator in the same session already uses the submitted name, should the join be rejected with an error instead of creating another participant?",NONE,A pergunta solicita informações que não estão representadas em nenhum dos gaps de referência pré-definidos para esta User Story.
B0190,US25,[NEEDS CLARIFICATION] How should “most relevant” local news events be ranked when multiple eligible events exist for the same municipality?,G02,Mapeamento efetuado com base na correspondência de informação necessária.
B0191,US25,[NEEDS CLARIFICATION] Which news-event source or existing event feed should the system use to identify relevant local news events?,G02,Mapeamento efetuado com base na correspondência de informação necessária.
B0192,US25,"[NEEDS CLARIFICATION] If fewer than ten eligible local recommendations exist, should the system return only the available local recommendations or fill remaining slots with non-local/general content?",NONE,A pergunta solicita informações que não estão representadas em nenhum dos gaps de referência pré-definidos para esta User Story.
B0193,US25,[NEEDS CLARIFICATION] What definition of “current” should be used to decide whether a news event is eligible for recommendations?,G02,Mapeamento efetuado com base na correspondência de informação necessária.
B0194,US25,"[NEEDS CLARIFICATION] Should the user’s area be strictly the municipality from the profile service, or should users also be allowed to confirm/change the area within the recommendation experience?",NONE,A pergunta solicita informações que não estão representadas em nenhum dos gaps de referência pré-definidos para esta User Story.
B0195,US25,[NEEDS CLARIFICATION] What criteria make a news event from registered news sources “eligible” to drive recommendations?,G02,Mapeamento efetuado com base na correspondência de informação necessária.
B0196,US25,[NEEDS CLARIFICATION] Should recommendations explain which local news event caused or influenced each recommended content item?,G02;G01,Mapeamento efetuado com base na correspondência de informação necessária.
B0197,US25,"[NEEDS CLARIFICATION] Should recommendations include only content directly associated with eligible news events, or may they also include broader related topical content as fallback?",G02,Mapeamento efetuado com base na correspondência de informação necessária.
B0198,US25,[NEEDS CLARIFICATION] Should the recommendation list be capped at a maximum of ten items?,G06,G06: Questiona o número máximo de recomendações.
B0199,US25,"[NEEDS CLARIFICATION] What types of content are eligible for recommendation, and must they be news articles specifically or any related content?",NONE,A pergunta solicita informações que não estão representadas em nenhum dos gaps de referência pré-definidos para esta User Story.
B0200,US25,[NEEDS CLARIFICATION] What time window defines a “current” local news event versus a stale event?,G02,Mapeamento efetuado com base na correspondência de informação necessária.
B0201,US25,"[NEEDS CLARIFICATION] How recent must a news event be to count as “current,” and after what threshold should it be treated as stale?",G02;G05,G05: Aborda o limite temporal (24 horas/recente).
B0202,US25,"[NEEDS CLARIFICATION] Should “my area” be limited strictly to the municipality registered in the profile service, or may users manually confirm/change the area used for recommendations?",G03,Mapeamento efetuado com base na correspondência de informação necessária.
B0203,US25,"[NEEDS CLARIFICATION] What geographic boundary should “my area” use for matching news events: user-selected city/region, inferred current location, neighborhood-level area, or another defined scope?",G02;G03,Mapeamento efetuado com base na correspondência de informação necessária.
B0204,US25,"[NEEDS CLARIFICATION] What information does the platform’s news service provide for each event, especially location, timestamp, topic, significance, and duplicate detection fields?",NONE,A pergunta solicita informações que não estão representadas em nenhum dos gaps de referência pré-definidos para esta User Story.
B0205,US25,[NEEDS CLARIFICATION] What maximum age should a news event have to count as “current” rather than stale?,G06;G02,G06: Questiona o número máximo de recomendações.
B0206,US25,"[NEEDS CLARIFICATION] How should the relevance score combine recency and assigned event importance, including weighting and tie-breaking?",G04,Mapeamento efetuado com base na correspondência de informação necessária.
B0207,US25,[NEEDS CLARIFICATION] What types of content are eligible to be recommended based on local news events?,G02,Mapeamento efetuado com base na correspondência de informação necessária.
B0208,US25,"[NEEDS CLARIFICATION] How should the system define “current” versus stale news events, including any time window or expiration rule?",G02,Mapeamento efetuado com base na correspondência de informação necessária.
B0209,US25,[NEEDS CLARIFICATION] What types of content items are eligible to be recommended based on local news events?,G02,Mapeamento efetuado com base na correspondência de informação necessária.
B0210,US25,"[NEEDS CLARIFICATION] Should recommendable content be limited to items directly associated with eligible news events, or may it include broader topical/regional content related to those events?",G02,Mapeamento efetuado com base na correspondência de informação necessária.
B0211,US25,[NEEDS CLARIFICATION] Should recommendations be ordered strictly by a relevance score combining recency and assigned event importance?,G07;G04,Mapeamento efetuado com base na correspondência de informação necessária.
B0212,US25,"[NEEDS CLARIFICATION] What kinds of content items are eligible for recommendation: news articles only, or also related non-news content?",NONE,A pergunta solicita informações que não estão representadas em nenhum dos gaps de referência pré-definidos para esta User Story.
B0213,US25,"[NEEDS CLARIFICATION] When no local recommendations are available, should the system inform the user that none exist instead of falling back to broader-area or general recommendations?",NONE,A pergunta solicita informações que não estão representadas em nenhum dos gaps de referência pré-definidos para esta User Story.
B0214,US25,[NEEDS CLARIFICATION] What time window defines a news event as “current” versus “stale” for recommendation eligibility?,G02,Mapeamento efetuado com base na correspondência de informação necessária.
B0215,US25,"[NEEDS CLARIFICATION] Is the user’s area strictly the municipality stored in the profile service, or must users also be able to confirm/change the area within the recommendation experience?",NONE,A pergunta solicita informações que não estão representadas em nenhum dos gaps de referência pré-definidos para esta User Story.
B0216,US25,[NEEDS CLARIFICATION] What time window defines a “current” news event versus a stale one?,G02,Mapeamento efetuado com base na correspondência de informação necessária.
B0217,US25,[NEEDS CLARIFICATION] Should the system return a maximum of ten recommendations?,G06,G06: Questiona o número máximo de recomendações.
B0218,US25,"[NEEDS CLARIFICATION] What geographic precision should “my area” use for recommendations: neighborhood, city, metro region, county/state, or a user-selectable radius?",G03,Mapeamento efetuado com base na correspondência de informação necessária.
B0219,US25,"[NEEDS CLARIFICATION] How should the system rank “most relevant” local news events when recency, local significance, and content availability disagree?",G02,Mapeamento efetuado com base na correspondência de informação necessária.
B0220,US25,"[NEEDS CLARIFICATION] When no eligible local news events exist, should the system return broader/general recommendations, or should it state that no local recommendations are available without widening the region?",G02,Mapeamento efetuado com base na correspondência de informação necessária.
B0221,US25,[NEEDS CLARIFICATION] Should users see an explanation that a recommendation is based on a specific local news event?,G02,Mapeamento efetuado com base na correspondência de informação necessária.
B0222,US25,[NEEDS CLARIFICATION] What fallback geographic scope should be used when no relevant news exists for the user’s municipality?,NONE,A pergunta solicita informações que não estão representadas em nenhum dos gaps de referência pré-definidos para esta User Story.
B0223,US25,"[NEEDS CLARIFICATION] How should “most relevant” be weighted when recency, local significance, and available content fit conflict?",NONE,A pergunta solicita informações que não estão representadas em nenhum dos gaps de referência pré-definidos para esta User Story.
B0224,US25,"[NEEDS CLARIFICATION] Should “my area” be strictly the municipality registered in the profile service, or should users also be able to confirm/change the area within the recommendation experience?",G03,Mapeamento efetuado com base na correspondência de informação necessária.
B0225,US25,"[NEEDS CLARIFICATION] How should “most relevant” rank recency, local significance, and match to available recommendable content when these factors conflict?",NONE,A pergunta solicita informações que não estão representadas em nenhum dos gaps de referência pré-definidos para esta User Story.
B0226,US25,"[NEEDS CLARIFICATION] How should “most relevant” be weighted among recency, local significance, and match to available content?",NONE,A pergunta solicita informações que não estão representadas em nenhum dos gaps de referência pré-definidos para esta User Story.
B0227,US25,"[NEEDS CLARIFICATION] What sources or inputs provide the local news events, and are they already available to the recommendation system?",G02,Mapeamento efetuado com base na correspondência de informação necessária.
B0228,US25,"[NEEDS CLARIFICATION] What geographic precision should “my area” use for recommendations: neighborhood, city, region, radius around current location, or user-selected boundary?",G03,Mapeamento efetuado com base na correspondência de informação necessária.
B0229,US25,"[NEEDS CLARIFICATION] If the profile service has no registered municipality for the user, what should the recommendation experience do?",NONE,A pergunta solicita informações que não estão representadas em nenhum dos gaps de referência pré-definidos para esta User Story.
B0230,US25,[NEEDS CLARIFICATION] Which news-event sources or signals are considered authoritative enough to drive recommendations?,NONE,A pergunta solicita informações que não estão representadas em nenhum dos gaps de referência pré-definidos para esta User Story.
B0231,US25,[NEEDS CLARIFICATION] What makes a news event “eligible” for recommendations from the registered news sources?,G02,Mapeamento efetuado com base na correspondência de informação necessária.
B0232,US25,"[NEEDS CLARIFICATION] If fewer than ten eligible local recommendations are available, should the system return only the available local recommendations or fill remaining slots with non-local/general content?",NONE,A pergunta solicita informações que não estão representadas em nenhum dos gaps de referência pré-definidos para esta User Story.
B0233,US25,"[NEEDS CLARIFICATION] Who or what assigns the “importance” value for a news event, and what scale or categories should it use?",G02,Mapeamento efetuado com base na correspondência de informação necessária.
B0234,US25,"[NEEDS CLARIFICATION] What should happen if the municipality in the profile service is missing, invalid, or outdated?",NONE,A pergunta solicita informações que não estão representadas em nenhum dos gaps de referência pré-definidos para esta User Story.
B0235,US25,"[NEEDS CLARIFICATION] Should the recommendation result include an explanation or rationale tying each content item to the local news event, or only return the ranked content items?",G02,Mapeamento efetuado com base na correspondência de informação necessária.
B0236,US25,"[NEEDS CLARIFICATION] Should the feature follow the context rule that only news events from the last 24 hours are eligible, making older events stale?",G02;G05,G05: Aborda o limite temporal (24 horas/recente).
B0237,US25,[NEEDS CLARIFICATION] What time window defines a news event as “current” versus stale?,G02,Mapeamento efetuado com base na correspondência de informação necessária.
B0238,US25,[NEEDS CLARIFICATION] Should “current” news events be defined strictly as events from the last 24 hours?,G02;G05,G05: Aborda o limite temporal (24 horas/recente).
B0239,US25,[NEEDS CLARIFICATION] What sources or existing system inputs provide the “current news events” used for recommendation ranking?,G02,Mapeamento efetuado com base na correspondência de informação necessária.
B0240,US25,[NEEDS CLARIFICATION] How should local news relevance be weighted against the user’s existing personalization or general recommendation signals?,G04,Mapeamento efetuado com base na correspondência de informação necessária.
B0241,US25,"[NEEDS CLARIFICATION] How should “most relevant” be ranked when recency, local significance, and content availability conflict?",NONE,A pergunta solicita informações que não estão representadas em nenhum dos gaps de referência pré-definidos para esta User Story.
B0242,US25,"[NEEDS CLARIFICATION] When no local news events from the last 24 hours are available, should the system return no local recommendations with a message, or fall back to broader-area/general recommendations?",G02;G05,G05: Aborda o limite temporal (24 horas/recente).
B0243,US25,[NEEDS CLARIFICATION] What qualifies a news event as “current” versus stale for recommendation purposes?,G02,Mapeamento efetuado com base na correspondência de informação necessária.
B0244,US25,"[NEEDS CLARIFICATION] What geographic precision defines “my area” for eligibility: neighborhood, city, region, or another boundary?",G03,Mapeamento efetuado com base na correspondência de informação necessária.
B0245,US25,[NEEDS CLARIFICATION] What time window defines a news event as “current” versus “stale” for recommendation ranking?,G02,Mapeamento efetuado com base na correspondência de informação necessária.
B0246,US25,"[NEEDS CLARIFICATION] Should recommendations expose any explanation that they were influenced by local news events, or is news-based ranking internal only?",G02,Mapeamento efetuado com base na correspondência de informação necessária.
B0247,US25,"[NEEDS CLARIFICATION] What types of content are eligible for recommendation, and how should content be matched to a news event?",G02,Mapeamento efetuado com base na correspondência de informação necessária.
B0248,US25,"[NEEDS CLARIFICATION] What does “importance attributed to the event” mean operationally: is it supplied by the news service, computed by this feature, or configured by editors/admins?",NONE,A pergunta solicita informações que não estão representadas em nenhum dos gaps de referência pré-definidos para esta User Story.
B0249,US25,[NEEDS CLARIFICATION] What should happen when the user profile has no associated municipality or the municipality cannot be resolved?,NONE,A pergunta solicita informações que não estão representadas em nenhum dos gaps de referência pré-definidos para esta User Story.
B0250,US25,"[NEEDS CLARIFICATION] Should relevance ranking use only the combined score of recency and assigned event importance, or should content fit/availability also affect the ranking score?",G04,Mapeamento efetuado com base na correspondência de informação necessária.
B0251,US25,"[NEEDS CLARIFICATION] What content should be recommended when no eligible news event exists for the user’s municipality, given the context defines recommended content as content associated with an eligible news event?",G02;G01,Mapeamento efetuado com base na correspondência de informação necessária.
B0252,US25,"[NEEDS CLARIFICATION] When no eligible local news events exist in the user’s municipality within the last 24 hours, should the system return an empty/local-unavailable state only, or still provide non-local/general recommendations?",G02;G05,G05: Aborda o limite temporal (24 horas/recente).
B0253,US25,"[NEEDS CLARIFICATION] Should “my area” be strictly the municipality associated with the user profile, or may the user override it with a manually selected/provided area?",G03,Mapeamento efetuado com base na correspondência de informação necessária.
B0254,US25,"[NEEDS CLARIFICATION] What makes a news event “eligible” for recommendation: any event from registered news sources, or only events meeting additional criteria such as freshness, source trust, category, or moderation status?",G02,Mapeamento efetuado com base na correspondência de informação necessária.
B0255,US25,"[NEEDS CLARIFICATION] What geographic granularity should “my area” use from the registered profile location: neighborhood, city, region/state, or another boundary?",G03,Mapeamento efetuado com base na correspondência de informação necessária.
B0256,US25,"[NEEDS CLARIFICATION] How should “most relevant” news events be scored or prioritized when recency, local significance, and content availability conflict?",G02;G04,Mapeamento efetuado com base na correspondência de informação necessária.
B0257,US25,"[NEEDS CLARIFICATION] How should “most relevant” be weighted between recency, municipal locality, event significance, and availability of associated content?",NONE,A pergunta solicita informações que não estão representadas em nenhum dos gaps de referência pré-definidos para esta User Story.
B0258,US25,"[NEEDS CLARIFICATION] If the profile service has no municipality for the user, should the system ask the user to set one before showing local recommendations, or should it return no local recommendations?",NONE,A pergunta solicita informações que não estão representadas em nenhum dos gaps de referência pré-definidos para esta User Story.
B0259,US25,"[NEEDS CLARIFICATION] When no eligible local news events exist in the last 24 hours, should the system return no local recommendations with an explicit “no local recommendations available” message, or fall back to broader-area/general recommendations?",G02;G05,G05: Aborda o limite temporal (24 horas/recente).
B0260,US25,"[NEEDS CLARIFICATION] How should the relevance score combine recency and event importance: fixed weights, configurable weights, or another scoring rule?",G04,Mapeamento efetuado com base na correspondência de informação necessária.
B0261,US25,"[NEEDS CLARIFICATION] What geographic granularity should “my area” use for profile-based location: neighborhood, city, region, ZIP/postal code, or another boundary?",G03,Mapeamento efetuado com base na correspondência de informação necessária.
B0262,US25,[NEEDS CLARIFICATION] What evidence or signal from the news service determines that a news event is locally significant enough to influence ranking?,G02,Mapeamento efetuado com base na correspondência de informação necessária.
B0263,US25,"[NEEDS CLARIFICATION] What geographic granularity should “my area” use from the registered profile location, such as neighborhood, city, metro area, region, or another boundary?",G03,Mapeamento efetuado com base na correspondência de informação necessária.
B0264,US25,[NEEDS CLARIFICATION] What freshness threshold defines a news event as current versus stale?,G02,Mapeamento efetuado com base na correspondência de informação necessária.
B0265,US25,"[NEEDS CLARIFICATION] What geographic granularity should “my area” use for recommendations: neighborhood, city, region, or another boundary?",G03,Mapeamento efetuado com base na correspondência de informação necessária.
B0266,US25,"[NEEDS CLARIFICATION] Should “user’s area” be restricted to the municipality associated with the user profile, or should users also be able to confirm/change it as the spec currently states?",NONE,A pergunta solicita informações que não estão representadas em nenhum dos gaps de referência pré-definidos para esta User Story.
B0267,US25,"[NEEDS CLARIFICATION] When no eligible local news events exist, should the system return broader/general recommendations as currently specified, or should it state that no local recommendations are available and avoid expanding the region as stated in context?",G02,Mapeamento efetuado com base na correspondência de informação necessária.
B0268,US25,"[NEEDS CLARIFICATION] Should users be able to change the recommendation area directly in this feature, or is the area always controlled only by the municipality stored in the profile service?",NONE,A pergunta solicita informações que não estão representadas em nenhum dos gaps de referência pré-definidos para esta User Story.
B0269,US25,[NEEDS CLARIFICATION] What geographic fallback should the system use when the user’s registered municipality has no relevant news events?,G02,Mapeamento efetuado com base na correspondência de informação necessária.